1,狗狗上廁所訓練,蔡喜名,74,2000,2020-12-14,chinese,chinese,寵物訓練,https://www.youtube.com/watch?v=zcRvXTjW1RU&ab_channel=%E5%A6%9E%E6%96%B0%E8%81%9E
2,貓貓餵食,陳焦糖,67,1280,2000-08-13,chinese,chinese,寵物照護,https://www.youtube.com/watch?v=h_0XcWmepf4&ab_channel=%E8%90%8C%E5%AE%A0%E8%AE%B0%E4%BA%8Bcutedog
3,貓砂清理,羅辛何,87,3560,2018-02-28,chinese,chinese,寵物訓練,https://www.youtube.com/watch?v=WsBv8--PX3o&ab_channel=%E7%88%AA%E5%AD%90%E6%AE%BF%E4%B8%8B
4,遛狗GOGO,楊小慧,34,1180,2019-12-24,chinese,chinese,人寵關係,https://www.youtube.com/watch?v=ur3NKd91i5I&ab_channel=%E3%80%90%E5%AF%B5%E4%BC%B4%E3%80%91Partners
5,人寵關係,陳曉東,45,650,2019-12-07,chinese,chinese,人寵關係,https://www.youtube.com/watch?v=JXcDwFnMI9M&ab_channel=%E5%93%A9%E8%B3%80Genieyang
6,貓耳照顧,汪東河,88,1600,2014-07-04,chinese,chinese,寵物照護,https://www.youtube.com/watch?v=7zPHkjzprG4&ab_channel=%E6%88%91%E6%98%AF%E9%A6%99%E8%8F%87Mushroom
7,導盲犬導論,陳家豪,35,360,2018-05-22,chinese,chinese,寵物訓練,https://www.youtube.com/watch?v=WK_-Pv4UWR4&ab_channel=%E6%8B%89%E5%A7%86%E6%9C%89%E5%B9%BE%E5%99%97
8,寵物安心感,林志成,46,480,2007-10-09,chinese,chinese,人寵關係,https://www.youtube.com/watch?v=DYijuygHYA4&ab_channel=RVT%E5%A4%A7%E7%AB%B9%E5%AD%90
9,獸醫導論,林宜靜,89,1181,2015-05-27,chinese,chinese,寵物照護,https://www.youtube.com/watch?v=_6vn5Jh31aM&ab_channel=%E6%9D%8E%E5%96%9C%E7%8C%AB
10,飼主導論,劉育華,36,651,2016-03-12,chinese,chinese,寵物訓練,https://www.youtube.com/watch?v=vbhlSn0jyX8&ab_channel=%E8%A8%B1%E4%BC%AF%26%E7%B0%A1%E8%8A%9D%E2%80%94%E5%80%89%E9%BC%A0%E4%BA%BA
11,聆聽寵物心聲,陳雅婷,47,1601,2010-08-10,chinese,chinese,人寵關係,https://www.youtube.com/watch?v=2Yqtm1lVMbk&ab_channel=%E8%A8%B1%E4%BC%AF%26%E7%B0%A1%E8%8A%9D%E2%80%94%E5%80%89%E9%BC%A0%E4%BA%BA
12,狗狗刷牙,陳秋星,90,361,2008-05-23,english,english,寵物照護,https://www.youtube.com/watch?v=zcRvXTjW1RU&ab_channel=%E5%A6%9E%E6%96%B0%E8%81%9E
13,遛狗GOGO,李俊妮,37,481,2005-10-02,english,english,寵物訓練,https://www.youtube.com/watch?v=h_0XcWmepf4&ab_channel=%E8%90%8C%E5%AE%A0%E8%AE%B0%E4%BA%8Bcutedog
14,人寵關係,蔡宛州,48,1182,2014-07-07,chinese,chinese,人寵關係,https://www.youtube.com/watch?v=WsBv8--PX3o&ab_channel=%E7%88%AA%E5%AD%90%E6%AE%BF%E4%B8%8B
15,狗狗刷牙,周怡芃,91,652,2012-05-25,chinese,chinese,寵物照護,https://www.youtube.com/watch?v=ur3NKd91i5I&ab_channel=%E3%80%90%E5%AF%B5%E4%BC%B4%E3%80%91Partners
16,導盲犬導論,鄧郁婷,38,1602,2005-08-06,chinese,chinese,寵物訓練,https://www.youtube.com/watch?v=JXcDwFnMI9M&ab_channel=%E5%93%A9%E8%B3%80Genieyang
17,人寵關係,蘇家祥,49,362,2021-09-05,english,english,人寵關係,https://www.youtube.com/watch?v=7zPHkjzprG4&ab_channel=%E6%88%91%E6%98%AF%E9%A6%99%E8%8F%87Mushroom
18,獸醫導論,吳柏伯,92,482,2014-09-04,english,english,寵物照護,https://www.youtube.com/watch?v=WK_-Pv4UWR4&ab_channel=%E6%8B%89%E5%A7%86%E6%9C%89%E5%B9%BE%E5%99%98
19,狗狗上廁所訓練,張家瑋,39,1183,2010-12-13,chinese,chinese,寵物訓練,https://www.youtube.com/watch?v=DYijuygHYA4&ab_channel=RVT%E5%A4%A7%E7%AB%B9%E5%AD%91
20,人寵關係,楊俊偉,50,2001,2001-03-06,chinese,chinese,人寵關係,https://www.youtube.com/watch?v=_6vn5Jh31aM&ab_channel=%E6%9D%8E%E5%96%9C%E7%8C%AB
21,狗狗接飛盤,李育修,88,1281,2000-02-05,chinese,chinese,寵物訓練,https://www.youtube.com/watch?v=vbhlSn0jyX8&ab_channel=%E8%A8%B1%E4%BC%AF%26%E7%B0%A1%E8%8A%9D%E2%80%94%E5%80%89%E9%BC%A0%E4%BA%BA
22,貓狗相處,梁佩儒,35,3561,2010-03-01,chinese,chinese,人寵關係,https://www.youtube.com/watch?v=2Yqtm1lVMbk&ab_channel=%E8%A8%B1%E4%BC%AF%26%E7%B0%A1%E8%8A%9D%E2%80%94%E5%80%89%E9%BC%A0%E4%BA%BA
23,狗狗上廁所訓練,侯隆杰,46,1181,2005-08-01,chinese,chinese,寵物訓練,https://www.youtube.com/watch?v=zcRvXTjW1RU&ab_channel=%E5%A6%9E%E6%96%B0%E8%81%9E
24,聆聽寵物心聲,劉玟光,89,651,2017-05-03,english,english,人寵關係,https://www.youtube.com/watch?v=h_0XcWmepf4&ab_channel=%E8%90%8C%E5%AE%A0%E8%AE%B0%E4%BA%8Bcutedog
25,狗狗接飛盤,張春泰,36,1601,2018-05-02,english,english,寵物訓練,https://www.youtube.com/watch?v=WsBv8--PX3o&ab_channel=%E7%88%AA%E5%AD%90%E6%AE%BF%E4%B8%8B
26,人寵關係,張建宏,47,361,2011-11-04,chinese,chinese,人寵關係,https://www.youtube.com/watch?v=ur3NKd91i5I&ab_channel=%E3%80%90%E5%AF%B5%E4%BC%B4%E3%80%91Partners
27,狗狗接飛盤,林佳定,90,481,2003-04-22,chinese,chinese,寵物訓練,https://www.youtube.com/watch?v=JXcDwFnMI9M&ab_channel=%E5%93%A9%E8%B3%80Genieyang
28,寵物導論,張惠仁,37,1182,2014-11-15,chinese,chinese,人寵關係,https://www.youtube.com/watch?v=7zPHkjzprG4&ab_channel=%E6%88%91%E6%98%AF%E9%A6%99%E8%8F%87Mushroom
29,貓狗馬戲團導論,蔡欣樺,48,652,2016-07-20,english,english,寵物訓練,https://www.youtube.com/watch?v=WK_-Pv4UWR4&ab_channel=%E6%8B%89%E5%A7%86%E6%9C%89%E5%B9%BE%E5%99%99
30,人寵關係,楊哲榮,91,1602,2000-01-05,english,english,人寵關係,https://www.youtube.com/watch?v=DYijuygHYA4&ab_channel=RVT%E5%A4%A7%E7%AB%B9%E5%AD%92
31,狗狗上廁所訓練,陳俊賢,38,362,2001-05-30,chinese,chinese,寵物訓練,https://www.youtube.com/watch?v=_6vn5Jh31aM&ab_channel=%E6%9D%8E%E5%96%9C%E7%8C%AB
32,人寵關係,程恭其,49,482,2001-02-25,chinese,chinese,人寵關係,https://www.youtube.com/watch?v=vbhlSn0jyX8&ab_channel=%E8%A8%B1%E4%BC%AF%26%E7%B0%A1%E8%8A%9D%E2%80%94%E5%80%89%E9%BC%A0%E4%BA%BA
33,狗狗上廁所訓練,邱秀玲,92,1183,2019-09-27,chinese,chinese,寵物訓練,https://www.youtube.com/watch?v=2Yqtm1lVMbk&ab_channel=%E8%A8%B1%E4%BC%AF%26%E7%B0%A1%E8%8A%9D%E2%80%94%E5%80%89%E9%BC%A0%E4%BA%BA
34,貓狗疫苗,林湘緯,39,653,2010-10-27,chinese,chinese,寵物照護,https://www.youtube.com/watch?v=zcRvXTjW1RU&ab_channel=%E5%A6%9E%E6%96%B0%E8%81%9E
35,狗狗上廁所訓練,吳原水,50,1603,2003-01-22,chinese,chinese,寵物訓練,https://www.youtube.com/watch?v=h_0XcWmepf4&ab_channel=%E8%90%8C%E5%AE%A0%E8%AE%B0%E4%BA%8Bcutedog
36,貓狗陪伴,林筱婷,93,363,2018-04-16,english,english,人寵關係,https://www.youtube.com/watch?v=WsBv8--PX3o&ab_channel=%E7%88%AA%E5%AD%90%E6%AE%BF%E4%B8%8B
37,聆聽寵物心聲,梁冠德,40,483,2015-05-16,english,english,寵物照護,https://www.youtube.com/watch?v=ur3NKd91i5I&ab_channel=%E3%80%90%E5%AF%B5%E4%BC%B4%E3%80%91Partners
38,聆聽寵物,謝宛君,51,1184,2021-06-04,chinese,chinese,寵物照護,https://www.youtube.com/watch?v=JXcDwFnMI9M&ab_channel=%E5%93%A9%E8%B3%80Genieyang
39,狗狗上廁所訓練,張淑奇,89,2002,2005-05-03,chinese,chinese,寵物訓練,https://www.youtube.com/watch?v=7zPHkjzprG4&ab_channel=%E6%88%91%E6%98%AF%E9%A6%99%E8%8F%87Mushroom
40,貓狗相處,林雅雯,36,1282,2013-12-22,chinese,chinese,人寵關係,https://www.youtube.com/watch?v=WK_-Pv4UWR4&ab_channel=%E6%8B%89%E5%A7%86%E6%9C%89%E5%B9%BE%E5%99%100
41,狗狗刷牙,黃芳儀,47,3562,2020-09-17,english,english,寵物照護,https://www.youtube.com/watch?v=DYijuygHYA4&ab_channel=RVT%E5%A4%A7%E7%AB%B9%E5%AD%93
42,狗狗刷牙,游乃政,90,1182,2018-02-17,english,english,寵物照護,https://www.youtube.com/watch?v=_6vn5Jh31aM&ab_channel=%E6%9D%8E%E5%96%9C%E7%8C%AB
43,狗狗上廁所訓練,謝伶盛,37,652,2004-05-24,chinese,chinese,寵物訓練,https://www.youtube.com/watch?v=vbhlSn0jyX8&ab_channel=%E8%A8%B1%E4%BC%AF%26%E7%B0%A1%E8%8A%9D%E2%80%94%E5%80%89%E9%BC%A0%E4%BA%BA
44,人寵關係,梁依珮,48,1602,2021-12-28,chinese,chinese,人寵關係,https://www.youtube.com/watch?v=2Yqtm1lVMbk&ab_channel=%E8%A8%B1%E4%BC%AF%26%E7%B0%A1%E8%8A%9D%E2%80%94%E5%80%89%E9%BC%A0%E4%BA%BA
45,聆聽寵物,李家宏,91,362,2004-01-23,chinese,chinese,寵物照護,https://www.youtube.com/watch?v=zcRvXTjW1RU&ab_channel=%E5%A6%9E%E6%96%B0%E8%81%9E
46,遛狗GOGO,林奕書,38,482,2014-02-22,english,english,寵物照護,https://www.youtube.com/watch?v=h_0XcWmepf4&ab_channel=%E8%90%8C%E5%AE%A0%E8%AE%B0%E4%BA%8Bcutedog
47,狗狗上廁所訓練,蘇璇岳,88,1183,2020-11-24,english,english,寵物訓練,https://www.youtube.com/watch?v=WsBv8--PX3o&ab_channel=%E7%88%AA%E5%AD%90%E6%AE%BF%E4%B8%8B
48,飼主導論,曹人一,35,653,2017-01-09,chinese,chinese,人寵關係,https://www.youtube.com/watch?v=ur3NKd91i5I&ab_channel=%E3%80%90%E5%AF%B5%E4%BC%B4%E3%80%91Partners
49,貓咪陪伴,周淑媛,46,1603,2005-06-14,chinese,chinese,寵物照護,https://www.youtube.com/watch?v=JXcDwFnMI9M&ab_channel=%E5%93%A9%E8%B3%80Genieyang
50,貓咪陪伴,李淑卿,89,363,2001-03-20,chinese,chinese,寵物照護,https://www.youtube.com/watch?v=7zPHkjzprG4&ab_channel=%E6%88%91%E6%98%AF%E9%A6%99%E8%8F%87Mushroom
51,狗飼主陪伴學,郭雯婷,36,483,2018-05-19,chinese,chinese,寵物訓練,https://www.youtube.com/watch?v=WK_-Pv4UWR4&ab_channel=%E6%8B%89%E5%A7%86%E6%9C%89%E5%B9%BE%E5%99%101
52,飼主導論,張怡靜,47,1184,2015-05-06,chinese,chinese,人寵關係,https://www.youtube.com/watch?v=DYijuygHYA4&ab_channel=RVT%E5%A4%A7%E7%AB%B9%E5%AD%94
53,狗狗刷牙,王育菁,90,654,2008-01-11,english,english,寵物照護,https://www.youtube.com/watch?v=_6vn5Jh31aM&ab_channel=%E6%9D%8E%E5%96%9C%E7%8C%AB
54,狗狗刷牙,張瑜甫,37,1604,2011-09-20,english,english,寵物照護,https://www.youtube.com/watch?v=vbhlSn0jyX8&ab_channel=%E8%A8%B1%E4%BC%AF%26%E7%B0%A1%E8%8A%9D%E2%80%94%E5%80%89%E9%BC%A0%E4%BA%BA
55,狗狗上廁所訓練,林禹火,48,364,2011-11-07,chinese,chinese,寵物訓練,https://www.youtube.com/watch?v=2Yqtm1lVMbk&ab_channel=%E8%A8%B1%E4%BC%AF%26%E7%B0%A1%E8%8A%9D%E2%80%94%E5%80%89%E9%BC%A0%E4%BA%BA
56,人寵關係,陳淑惠,91,484,2003-12-21,chinese,chinese,人寵關係,https://www.youtube.com/watch?v=zcRvXTjW1RU&ab_channel=%E5%A6%9E%E6%96%B0%E8%81%9E
57,貓耳照顧,蔡宜霞,38,1185,2002-02-13,chinese,chinese,寵物照護,https://www.youtube.com/watch?v=h_0XcWmepf4&ab_channel=%E8%90%8C%E5%AE%A0%E8%AE%B0%E4%BA%8Bcutedog
58,貓耳照顧,張惠君,49,2003,2021-09-09,english,english,寵物照護,https://www.youtube.com/watch?v=WsBv8--PX3o&ab_channel=%E7%88%AA%E5%AD%90%E6%AE%BF%E4%B8%8B
59,狗狗上廁所訓練,劉瑋婷,92,1283,2019-10-14,english,english,寵物訓練,https://www.youtube.com/watch?v=ur3NKd91i5I&ab_channel=%E3%80%90%E5%AF%B5%E4%BC%B4%E3%80%91Partners
60,貓咪陪伴,陳亭宏,39,3563,2009-07-29,chinese,chinese,人寵關係,https://www.youtube.com/watch?v=JXcDwFnMI9M&ab_channel=%E5%93%A9%E8%B3%80Genieyang
61,狗狗刷牙,陳柏青,50,1183,2012-04-01,chinese,chinese,寵物照護,https://www.youtube.com/watch?v=7zPHkjzprG4&ab_channel=%E6%88%91%E6%98%AF%E9%A6%99%E8%8F%87Mushroom
62,狗狗上廁所訓練,蔡喜名,75,2001,2020-12-15,chinese,chinese,寵物訓練,https://www.youtube.com/watch?v=zcRvXTjW1RU&ab_channel=%E5%A6%9E%E6%96%B0%E8%81%9E
63,貓貓餵食,陳焦糖,68,1281,2000-08-14,chinese,chinese,寵物照護,https://www.youtube.com/watch?v=h_0XcWmepf4&ab_channel=%E8%90%8C%E5%AE%A0%E8%AE%B0%E4%BA%8Bcutedog
64,貓砂清理,羅辛何,88,3561,2018-03-01,chinese,chinese,寵物訓練,https://www.youtube.com/watch?v=WsBv8--PX3o&ab_channel=%E7%88%AA%E5%AD%90%E6%AE%BF%E4%B8%8B
65,遛狗GOGO,楊小慧,35,1181,2019-12-25,chinese,chinese,人寵關係,https://www.youtube.com/watch?v=ur3NKd91i5I&ab_channel=%E3%80%90%E5%AF%B5%E4%BC%B4%E3%80%91Partners
66,人寵關係,陳曉東,46,651,2019-12-08,chinese,chinese,人寵關係,https://www.youtube.com/watch?v=JXcDwFnMI9M&ab_channel=%E5%93%A9%E8%B3%80Genieyang
67,貓耳照顧,汪東河,89,1601,2014-07-05,chinese,chinese,寵物照護,https://www.youtube.com/watch?v=7zPHkjzprG4&ab_channel=%E6%88%91%E6%98%AF%E9%A6%99%E8%8F%87Mushroom
68,導盲犬導論,陳家豪,36,361,2018-05-23,chinese,chinese,寵物訓練,https://www.youtube.com/watch?v=WK_-Pv4UWR4&ab_channel=%E6%8B%89%E5%A7%86%E6%9C%89%E5%B9%BE%E5%99%98
69,寵物安心感,林志成,47,481,2007-10-10,chinese,chinese,人寵關係,https://www.youtube.com/watch?v=DYijuygHYA4&ab_channel=RVT%E5%A4%A7%E7%AB%B9%E5%AD%91
70,獸醫導論,林宜靜,90,1182,2015-05-28,chinese,chinese,寵物照護,https://www.youtube.com/watch?v=_6vn5Jh31aM&ab_channel=%E6%9D%8E%E5%96%9C%E7%8C%AB
71,飼主導論,劉育華,37,652,2016-03-13,chinese,chinese,寵物訓練,https://www.youtube.com/watch?v=vbhlSn0jyX8&ab_channel=%E8%A8%B1%E4%BC%AF%26%E7%B0%A1%E8%8A%9D%E2%80%94%E5%80%89%E9%BC%A0%E4%BA%BA
72,聆聽寵物心聲,陳雅婷,48,1602,2010-08-11,chinese,chinese,人寵關係,https://www.youtube.com/watch?v=2Yqtm1lVMbk&ab_channel=%E8%A8%B1%E4%BC%AF%26%E7%B0%A1%E8%8A%9D%E2%80%94%E5%80%89%E9%BC%A0%E4%BA%BA
73,狗狗刷牙,陳秋星,91,362,2008-05-24,english,english,寵物照護,https://www.youtube.com/watch?v=zcRvXTjW1RU&ab_channel=%E5%A6%9E%E6%96%B0%E8%81%9E
74,遛狗GOGO,李俊妮,38,482,2005-10-03,english,english,寵物訓練,https://www.youtube.com/watch?v=h_0XcWmepf4&ab_channel=%E8%90%8C%E5%AE%A0%E8%AE%B0%E4%BA%8Bcutedog
75,人寵關係,蔡宛州,49,1183,2014-07-08,chinese,chinese,人寵關係,https://www.youtube.com/watch?v=WsBv8--PX3o&ab_channel=%E7%88%AA%E5%AD%90%E6%AE%BF%E4%B8%8B
76,狗狗刷牙,周怡芃,92,653,2012-05-26,chinese,chinese,寵物照護,https://www.youtube.com/watch?v=ur3NKd91i5I&ab_channel=%E3%80%90%E5%AF%B5%E4%BC%B4%E3%80%91Partners
77,導盲犬導論,鄧郁婷,39,1603,2005-08-07,chinese,chinese,寵物訓練,https://www.youtube.com/watch?v=JXcDwFnMI9M&ab_channel=%E5%93%A9%E8%B3%80Genieyang
78,人寵關係,蘇家祥,50,363,2021-09-06,english,english,人寵關係,https://www.youtube.com/watch?v=7zPHkjzprG4&ab_channel=%E6%88%91%E6%98%AF%E9%A6%99%E8%8F%87Mushroom
79,獸醫導論,吳柏伯,93,483,2014-09-05,english,english,寵物照護,https://www.youtube.com/watch?v=WK_-Pv4UWR4&ab_channel=%E6%8B%89%E5%A7%86%E6%9C%89%E5%B9%BE%E5%99%99
80,狗狗上廁所訓練,張家瑋,40,1184,2010-12-14,chinese,chinese,寵物訓練,https://www.youtube.com/watch?v=DYijuygHYA4&ab_channel=RVT%E5%A4%A7%E7%AB%B9%E5%AD%92
81,人寵關係,楊俊偉,51,2002,2001-03-07,chinese,chinese,人寵關係,https://www.youtube.com/watch?v=_6vn5Jh31aM&ab_channel=%E6%9D%8E%E5%96%9C%E7%8C%AB
82,狗狗接飛盤,李育修,89,1282,2000-02-06,chinese,chinese,寵物訓練,https://www.youtube.com/watch?v=vbhlSn0jyX8&ab_channel=%E8%A8%B1%E4%BC%AF%26%E7%B0%A1%E8%8A%9D%E2%80%94%E5%80%89%E9%BC%A0%E4%BA%BA
83,貓狗相處,梁佩儒,36,3562,2010-03-02,chinese,chinese,人寵關係,https://www.youtube.com/watch?v=2Yqtm1lVMbk&ab_channel=%E8%A8%B1%E4%BC%AF%26%E7%B0%A1%E8%8A%9D%E2%80%94%E5%80%89%E9%BC%A0%E4%BA%BA
84,狗狗上廁所訓練,侯隆杰,47,1182,2005-08-02,chinese,chinese,寵物訓練,https://www.youtube.com/watch?v=zcRvXTjW1RU&ab_channel=%E5%A6%9E%E6%96%B0%E8%81%9E
85,聆聽寵物心聲,劉玟光,90,652,2017-05-04,english,english,人寵關係,https://www.youtube.com/watch?v=h_0XcWmepf4&ab_channel=%E8%90%8C%E5%AE%A0%E8%AE%B0%E4%BA%8Bcutedog
86,狗狗接飛盤,張春泰,37,1602,2018-05-03,english,english,寵物訓練,https://www.youtube.com/watch?v=WsBv8--PX3o&ab_channel=%E7%88%AA%E5%AD%90%E6%AE%BF%E4%B8%8B
87,人寵關係,張建宏,48,362,2011-11-05,chinese,chinese,人寵關係,https://www.youtube.com/watch?v=ur3NKd91i5I&ab_channel=%E3%80%90%E5%AF%B5%E4%BC%B4%E3%80%91Partners
88,狗狗接飛盤,林佳定,91,482,2003-04-23,chinese,chinese,寵物訓練,https://www.youtube.com/watch?v=JXcDwFnMI9M&ab_channel=%E5%93%A9%E8%B3%80Genieyang
89,寵物導論,張惠仁,38,1183,2014-11-16,chinese,chinese,人寵關係,https://www.youtube.com/watch?v=7zPHkjzprG4&ab_channel=%E6%88%91%E6%98%AF%E9%A6%99%E8%8F%87Mushroom
90,貓狗馬戲團導論,蔡欣樺,49,653,2016-07-21,english,english,寵物訓練,https://www.youtube.com/watch?v=WK_-Pv4UWR4&ab_channel=%E6%8B%89%E5%A7%86%E6%9C%89%E5%B9%BE%E5%99%100
91,人寵關係,楊哲榮,92,1603,2000-01-06,english,english,人寵關係,https://www.youtube.com/watch?v=DYijuygHYA4&ab_channel=RVT%E5%A4%A7%E7%AB%B9%E5%AD%93
92,狗狗上廁所訓練,陳俊賢,39,363,2001-05-31,chinese,chinese,寵物訓練,https://www.youtube.com/watch?v=_6vn5Jh31aM&ab_channel=%E6%9D%8E%E5%96%9C%E7%8C%AB
93,人寵關係,程恭其,50,483,2001-02-26,chinese,chinese,人寵關係,https://www.youtube.com/watch?v=vbhlSn0jyX8&ab_channel=%E8%A8%B1%E4%BC%AF%26%E7%B0%A1%E8%8A%9D%E2%80%94%E5%80%89%E9%BC%A0%E4%BA%BA
94,狗狗上廁所訓練,邱秀玲,93,1184,2019-09-28,chinese,chinese,寵物訓練,https://www.youtube.com/watch?v=2Yqtm1lVMbk&ab_channel=%E8%A8%B1%E4%BC%AF%26%E7%B0%A1%E8%8A%9D%E2%80%94%E5%80%89%E9%BC%A0%E4%BA%BA
95,貓狗疫苗,林湘緯,40,654,2010-10-28,chinese,chinese,寵物照護,https://www.youtube.com/watch?v=zcRvXTjW1RU&ab_channel=%E5%A6%9E%E6%96%B0%E8%81%9E
96,狗狗上廁所訓練,吳原水,51,1604,2003-01-23,chinese,chinese,寵物訓練,https://www.youtube.com/watch?v=h_0XcWmepf4&ab_channel=%E8%90%8C%E5%AE%A0%E8%AE%B0%E4%BA%8Bcutedog
97,貓狗陪伴,林筱婷,94,364,2018-04-17,english,english,人寵關係,https://www.youtube.com/watch?v=WsBv8--PX3o&ab_channel=%E7%88%AA%E5%AD%90%E6%AE%BF%E4%B8%8B
98,聆聽寵物心聲,梁冠德,41,484,2015-05-17,english,english,寵物照護,https://www.youtube.com/watch?v=ur3NKd91i5I&ab_channel=%E3%80%90%E5%AF%B5%E4%BC%B4%E3%80%91Partners
99,聆聽寵物,謝宛君,52,1185,2021-06-05,chinese,chinese,寵物照護,https://www.youtube.com/watch?v=JXcDwFnMI9M&ab_channel=%E5%93%A9%E8%B3%80Genieyang
100,狗狗上廁所訓練,張淑奇,90,2003,2005-05-04,chinese,chinese,寵物訓練,https://www.youtube.com/watch?v=7zPHkjzprG4&ab_channel=%E6%88%91%E6%98%AF%E9%A6%99%E8%8F%87Mushroom
101,貓狗相處,林雅雯,37,1283,2013-12-23,chinese,chinese,人寵關係,https://www.youtube.com/watch?v=WK_-Pv4UWR4&ab_channel=%E6%8B%89%E5%A7%86%E6%9C%89%E5%B9%BE%E5%99%101
102,狗狗刷牙,黃芳儀,48,3563,2020-09-18,english,english,寵物照護,https://www.youtube.com/watch?v=DYijuygHYA4&ab_channel=RVT%E5%A4%A7%E7%AB%B9%E5%AD%94
103,狗狗刷牙,游乃政,91,1183,2018-02-18,english,english,寵物照護,https://www.youtube.com/watch?v=_6vn5Jh31aM&ab_channel=%E6%9D%8E%E5%96%9C%E7%8C%AB
104,狗狗上廁所訓練,謝伶盛,38,653,2004-05-25,chinese,chinese,寵物訓練,https://www.youtube.com/watch?v=vbhlSn0jyX8&ab_channel=%E8%A8%B1%E4%BC%AF%26%E7%B0%A1%E8%8A%9D%E2%80%94%E5%80%89%E9%BC%A0%E4%BA%BA
105,人寵關係,梁依珮,49,1603,2021-12-29,chinese,chinese,人寵關係,https://www.youtube.com/watch?v=2Yqtm1lVMbk&ab_channel=%E8%A8%B1%E4%BC%AF%26%E7%B0%A1%E8%8A%9D%E2%80%94%E5%80%89%E9%BC%A0%E4%BA%BA
106,聆聽寵物,李家宏,92,363,2004-01-24,chinese,chinese,寵物照護,https://www.youtube.com/watch?v=zcRvXTjW1RU&ab_channel=%E5%A6%9E%E6%96%B0%E8%81%9E
107,遛狗GOGO,林奕書,39,483,2014-02-23,english,english,寵物照護,https://www.youtube.com/watch?v=h_0XcWmepf4&ab_channel=%E8%90%8C%E5%AE%A0%E8%AE%B0%E4%BA%8Bcutedog
108,狗狗上廁所訓練,蘇璇岳,89,1184,2020-11-25,english,english,寵物訓練,https://www.youtube.com/watch?v=WsBv8--PX3o&ab_channel=%E7%88%AA%E5%AD%90%E6%AE%BF%E4%B8%8B
109,飼主導論,曹人一,36,654,2017-01-10,chinese,chinese,人寵關係,https://www.youtube.com/watch?v=ur3NKd91i5I&ab_channel=%E3%80%90%E5%AF%B5%E4%BC%B4%E3%80%91Partners
110,貓咪陪伴,周淑媛,47,1604,2005-06-15,chinese,chinese,寵物照護,https://www.youtube.com/watch?v=JXcDwFnMI9M&ab_channel=%E5%93%A9%E8%B3%80Genieyang
111,貓咪陪伴,李淑卿,90,364,2001-03-21,chinese,chinese,寵物照護,https://www.youtube.com/watch?v=7zPHkjzprG4&ab_channel=%E6%88%91%E6%98%AF%E9%A6%99%E8%8F%87Mushroom
112,狗飼主陪伴學,郭雯婷,37,484,2018-05-20,chinese,chinese,寵物訓練,https://www.youtube.com/watch?v=WK_-Pv4UWR4&ab_channel=%E6%8B%89%E5%A7%86%E6%9C%89%E5%B9%BE%E5%99%102
113,飼主導論,張怡靜,48,1185,2015-05-07,chinese,chinese,人寵關係,https://www.youtube.com/watch?v=DYijuygHYA4&ab_channel=RVT%E5%A4%A7%E7%AB%B9%E5%AD%95
114,狗狗刷牙,王育菁,91,655,2008-01-12,english,english,寵物照護,https://www.youtube.com/watch?v=_6vn5Jh31aM&ab_channel=%E6%9D%8E%E5%96%9C%E7%8C%AB
115,狗狗刷牙,張瑜甫,38,1605,2011-09-21,english,english,寵物照護,https://www.youtube.com/watch?v=vbhlSn0jyX8&ab_channel=%E8%A8%B1%E4%BC%AF%26%E7%B0%A1%E8%8A%9D%E2%80%94%E5%80%89%E9%BC%A0%E4%BA%BA
116,狗狗上廁所訓練,林禹火,49,365,2011-11-08,chinese,chinese,寵物訓練,https://www.youtube.com/watch?v=2Yqtm1lVMbk&ab_channel=%E8%A8%B1%E4%BC%AF%26%E7%B0%A1%E8%8A%9D%E2%80%94%E5%80%89%E9%BC%A0%E4%BA%BA
117,人寵關係,陳淑惠,92,485,2003-12-22,chinese,chinese,人寵關係,https://www.youtube.com/watch?v=zcRvXTjW1RU&ab_channel=%E5%A6%9E%E6%96%B0%E8%81%9E
118,貓耳照顧,蔡宜霞,39,1186,2002-02-14,chinese,chinese,寵物照護,https://www.youtube.com/watch?v=h_0XcWmepf4&ab_channel=%E8%90%8C%E5%AE%A0%E8%AE%B0%E4%BA%8Bcutedog
119,貓耳照顧,張惠君,50,2004,2021-09-10,english,english,寵物照護,https://www.youtube.com/watch?v=WsBv8--PX3o&ab_channel=%E7%88%AA%E5%AD%90%E6%AE%BF%E4%B8%8B
120,狗狗上廁所訓練,劉瑋婷,93,1284,2019-10-15,english,english,寵物訓練,https://www.youtube.com/watch?v=ur3NKd91i5I&ab_channel=%E3%80%90%E5%AF%B5%E4%BC%B4%E3%80%91Partners
121,貓咪陪伴,陳亭宏,40,3564,2009-07-30,chinese,chinese,人寵關係,https://www.youtube.com/watch?v=JXcDwFnMI9M&ab_channel=%E5%93%A9%E8%B3%80Genieyang
122,狗狗刷牙,陳柏青,51,1184,2012-04-02,chinese,chinese,寵物照護,https://www.youtube.com/watch?v=7zPHkjzprG4&ab_channel=%E6%88%91%E6%98%AF%E9%A6%99%E8%8F%87Mushroom
123,狗狗上廁所訓練,蔡喜名,76,2002,2020-12-16,chinese,chinese,寵物訓練,https://www.youtube.com/watch?v=zcRvXTjW1RU&ab_channel=%E5%A6%9E%E6%96%B0%E8%81%9E
124,貓貓餵食,陳焦糖,69,1282,2000-08-15,chinese,chinese,寵物照護,https://www.youtube.com/watch?v=h_0XcWmepf4&ab_channel=%E8%90%8C%E5%AE%A0%E8%AE%B0%E4%BA%8Bcutedog
125,貓砂清理,羅辛何,89,3562,2018-03-02,chinese,chinese,寵物訓練,https://www.youtube.com/watch?v=WsBv8--PX3o&ab_channel=%E7%88%AA%E5%AD%90%E6%AE%BF%E4%B8%8B
126,遛狗GOGO,楊小慧,36,1182,2019-12-26,chinese,chinese,人寵關係,https://www.youtube.com/watch?v=ur3NKd91i5I&ab_channel=%E3%80%90%E5%AF%B5%E4%BC%B4%E3%80%91Partners
127,人寵關係,陳曉東,47,652,2019-12-09,chinese,chinese,人寵關係,https://www.youtube.com/watch?v=JXcDwFnMI9M&ab_channel=%E5%93%A9%E8%B3%80Genieyang
128,貓耳照顧,汪東河,90,1602,2014-07-06,chinese,chinese,寵物照護,https://www.youtube.com/watch?v=7zPHkjzprG4&ab_channel=%E6%88%91%E6%98%AF%E9%A6%99%E8%8F%87Mushroom
129,導盲犬導論,陳家豪,37,362,2018-05-24,chinese,chinese,寵物訓練,https://www.youtube.com/watch?v=WK_-Pv4UWR4&ab_channel=%E6%8B%89%E5%A7%86%E6%9C%89%E5%B9%BE%E5%99%99
130,寵物安心感,林志成,48,482,2007-10-11,chinese,chinese,人寵關係,https://www.youtube.com/watch?v=DYijuygHYA4&ab_channel=RVT%E5%A4%A7%E7%AB%B9%E5%AD%92
131,獸醫導論,林宜靜,91,1183,2015-05-29,chinese,chinese,寵物照護,https://www.youtube.com/watch?v=_6vn5Jh31aM&ab_channel=%E6%9D%8E%E5%96%9C%E7%8C%AB
132,飼主導論,劉育華,38,653,2016-03-14,chinese,chinese,寵物訓練,https://www.youtube.com/watch?v=vbhlSn0jyX8&ab_channel=%E8%A8%B1%E4%BC%AF%26%E7%B0%A1%E8%8A%9D%E2%80%94%E5%80%89%E9%BC%A0%E4%BA%BA
133,聆聽寵物心聲,陳雅婷,49,1603,2010-08-12,chinese,chinese,人寵關係,https://www.youtube.com/watch?v=2Yqtm1lVMbk&ab_channel=%E8%A8%B1%E4%BC%AF%26%E7%B0%A1%E8%8A%9D%E2%80%94%E5%80%89%E9%BC%A0%E4%BA%BA
134,狗狗刷牙,陳秋星,92,363,2008-05-25,english,english,寵物照護,https://www.youtube.com/watch?v=zcRvXTjW1RU&ab_channel=%E5%A6%9E%E6%96%B0%E8%81%9E
135,遛狗GOGO,李俊妮,39,483,2005-10-04,english,english,寵物訓練,https://www.youtube.com/watch?v=h_0XcWmepf4&ab_channel=%E8%90%8C%E5%AE%A0%E8%AE%B0%E4%BA%8Bcutedog
136,人寵關係,蔡宛州,50,1184,2014-07-09,chinese,chinese,人寵關係,https://www.youtube.com/watch?v=WsBv8--PX3o&ab_channel=%E7%88%AA%E5%AD%90%E6%AE%BF%E4%B8%8B
137,狗狗刷牙,周怡芃,93,654,2012-05-27,chinese,chinese,寵物照護,https://www.youtube.com/watch?v=ur3NKd91i5I&ab_channel=%E3%80%90%E5%AF%B5%E4%BC%B4%E3%80%91Partners
138,導盲犬導論,鄧郁婷,40,1604,2005-08-08,chinese,chinese,寵物訓練,https://www.youtube.com/watch?v=JXcDwFnMI9M&ab_channel=%E5%93%A9%E8%B3%80Genieyang
139,人寵關係,蘇家祥,51,364,2021-09-07,english,english,人寵關係,https://www.youtube.com/watch?v=7zPHkjzprG4&ab_channel=%E6%88%91%E6%98%AF%E9%A6%99%E8%8F%87Mushroom
140,獸醫導論,吳柏伯,94,484,2014-09-06,english,english,寵物照護,https://www.youtube.com/watch?v=WK_-Pv4UWR4&ab_channel=%E6%8B%89%E5%A7%86%E6%9C%89%E5%B9%BE%E5%99%100
141,狗狗上廁所訓練,張家瑋,41,1185,2010-12-15,chinese,chinese,寵物訓練,https://www.youtube.com/watch?v=DYijuygHYA4&ab_channel=RVT%E5%A4%A7%E7%AB%B9%E5%AD%93
142,人寵關係,楊俊偉,52,2003,2001-03-08,chinese,chinese,人寵關係,https://www.youtube.com/watch?v=_6vn5Jh31aM&ab_channel=%E6%9D%8E%E5%96%9C%E7%8C%AB
143,狗狗接飛盤,李育修,90,1283,2000-02-07,chinese,chinese,寵物訓練,https://www.youtube.com/watch?v=vbhlSn0jyX8&ab_channel=%E8%A8%B1%E4%BC%AF%26%E7%B0%A1%E8%8A%9D%E2%80%94%E5%80%89%E9%BC%A0%E4%BA%BA
144,貓狗相處,梁佩儒,37,3563,2010-03-03,chinese,chinese,人寵關係,https://www.youtube.com/watch?v=2Yqtm1lVMbk&ab_channel=%E8%A8%B1%E4%BC%AF%26%E7%B0%A1%E8%8A%9D%E2%80%94%E5%80%89%E9%BC%A0%E4%BA%BA
145,狗狗上廁所訓練,侯隆杰,48,1183,2005-08-03,chinese,chinese,寵物訓練,https://www.youtube.com/watch?v=zcRvXTjW1RU&ab_channel=%E5%A6%9E%E6%96%B0%E8%81%9E
146,聆聽寵物心聲,劉玟光,91,653,2017-05-05,english,english,人寵關係,https://www.youtube.com/watch?v=h_0XcWmepf4&ab_channel=%E8%90%8C%E5%AE%A0%E8%AE%B0%E4%BA%8Bcutedog
147,狗狗接飛盤,張春泰,38,1603,2018-05-04,english,english,寵物訓練,https://www.youtube.com/watch?v=WsBv8--PX3o&ab_channel=%E7%88%AA%E5%AD%90%E6%AE%BF%E4%B8%8B
148,人寵關係,張建宏,49,363,2011-11-06,chinese,chinese,人寵關係,https://www.youtube.com/watch?v=ur3NKd91i5I&ab_channel=%E3%80%90%E5%AF%B5%E4%BC%B4%E3%80%91Partners
149,狗狗接飛盤,林佳定,92,483,2003-04-24,chinese,chinese,寵物訓練,https://www.youtube.com/watch?v=JXcDwFnMI9M&ab_channel=%E5%93%A9%E8%B3%80Genieyang
150,寵物導論,張惠仁,39,1184,2014-11-17,chinese,chinese,人寵關係,https://www.youtube.com/watch?v=7zPHkjzprG4&ab_channel=%E6%88%91%E6%98%AF%E9%A6%99%E8%8F%87Mushroom
151,貓狗馬戲團導論,蔡欣樺,50,654,2016-07-22,english,english,寵物訓練,https://www.youtube.com/watch?v=WK_-Pv4UWR4&ab_channel=%E6%8B%89%E5%A7%86%E6%9C%89%E5%B9%BE%E5%99%101
152,人寵關係,楊哲榮,93,1604,2000-01-07,english,english,人寵關係,https://www.youtube.com/watch?v=DYijuygHYA4&ab_channel=RVT%E5%A4%A7%E7%AB%B9%E5%AD%94
153,狗狗上廁所訓練,陳俊賢,40,364,2001-06-01,chinese,chinese,寵物訓練,https://www.youtube.com/watch?v=_6vn5Jh31aM&ab_channel=%E6%9D%8E%E5%96%9C%E7%8C%AB
154,人寵關係,程恭其,51,484,2001-02-27,chinese,chinese,人寵關係,https://www.youtube.com/watch?v=vbhlSn0jyX8&ab_channel=%E8%A8%B1%E4%BC%AF%26%E7%B0%A1%E8%8A%9D%E2%80%94%E5%80%89%E9%BC%A0%E4%BA%BA
155,狗狗上廁所訓練,邱秀玲,94,1185,2019-09-29,chinese,chinese,寵物訓練,https://www.youtube.com/watch?v=2Yqtm1lVMbk&ab_channel=%E8%A8%B1%E4%BC%AF%26%E7%B0%A1%E8%8A%9D%E2%80%94%E5%80%89%E9%BC%A0%E4%BA%BA
156,貓狗疫苗,林湘緯,41,655,2010-10-29,chinese,chinese,寵物照護,https://www.youtube.com/watch?v=zcRvXTjW1RU&ab_channel=%E5%A6%9E%E6%96%B0%E8%81%9E
157,狗狗上廁所訓練,吳原水,52,1605,2003-01-24,chinese,chinese,寵物訓練,https://www.youtube.com/watch?v=h_0XcWmepf4&ab_channel=%E8%90%8C%E5%AE%A0%E8%AE%B0%E4%BA%8Bcutedog
158,貓狗陪伴,林筱婷,95,365,2018-04-18,english,english,人寵關係,https://www.youtube.com/watch?v=WsBv8--PX3o&ab_channel=%E7%88%AA%E5%AD%90%E6%AE%BF%E4%B8%8B
159,聆聽寵物心聲,梁冠德,42,485,2015-05-18,english,english,寵物照護,https://www.youtube.com/watch?v=ur3NKd91i5I&ab_channel=%E3%80%90%E5%AF%B5%E4%BC%B4%E3%80%91Partners
160,聆聽寵物,謝宛君,53,1186,2021-06-06,chinese,chinese,寵物照護,https://www.youtube.com/watch?v=JXcDwFnMI9M&ab_channel=%E5%93%A9%E8%B3%80Genieyang
161,狗狗上廁所訓練,張淑奇,91,2004,2005-05-05,chinese,chinese,寵物訓練,https://www.youtube.com/watch?v=7zPHkjzprG4&ab_channel=%E6%88%91%E6%98%AF%E9%A6%99%E8%8F%87Mushroom
162,貓狗相處,林雅雯,38,1284,2013-12-24,chinese,chinese,人寵關係,https://www.youtube.com/watch?v=WK_-Pv4UWR4&ab_channel=%E6%8B%89%E5%A7%86%E6%9C%89%E5%B9%BE%E5%99%102
163,狗狗刷牙,黃芳儀,49,3564,2020-09-19,english,english,寵物照護,https://www.youtube.com/watch?v=DYijuygHYA4&ab_channel=RVT%E5%A4%A7%E7%AB%B9%E5%AD%95
164,狗狗刷牙,游乃政,92,1184,2018-02-19,english,english,寵物照護,https://www.youtube.com/watch?v=_6vn5Jh31aM&ab_channel=%E6%9D%8E%E5%96%9C%E7%8C%AB
165,狗狗上廁所訓練,謝伶盛,39,654,2004-05-26,chinese,chinese,寵物訓練,https://www.youtube.com/watch?v=vbhlSn0jyX8&ab_channel=%E8%A8%B1%E4%BC%AF%26%E7%B0%A1%E8%8A%9D%E2%80%94%E5%80%89%E9%BC%A0%E4%BA%BA
166,人寵關係,梁依珮,50,1604,2021-12-30,chinese,chinese,人寵關係,https://www.youtube.com/watch?v=2Yqtm1lVMbk&ab_channel=%E8%A8%B1%E4%BC%AF%26%E7%B0%A1%E8%8A%9D%E2%80%94%E5%80%89%E9%BC%A0%E4%BA%BA
167,聆聽寵物,李家宏,93,364,2004-01-25,chinese,chinese,寵物照護,https://www.youtube.com/watch?v=zcRvXTjW1RU&ab_channel=%E5%A6%9E%E6%96%B0%E8%81%9E
168,遛狗GOGO,林奕書,40,484,2014-02-24,english,english,寵物照護,https://www.youtube.com/watch?v=h_0XcWmepf4&ab_channel=%E8%90%8C%E5%AE%A0%E8%AE%B0%E4%BA%8Bcutedog
169,狗狗上廁所訓練,蘇璇岳,90,1185,2020-11-26,english,english,寵物訓練,https://www.youtube.com/watch?v=WsBv8--PX3o&ab_channel=%E7%88%AA%E5%AD%90%E6%AE%BF%E4%B8%8B
170,飼主導論,曹人一,37,655,2017-01-11,chinese,chinese,人寵關係,https://www.youtube.com/watch?v=ur3NKd91i5I&ab_channel=%E3%80%90%E5%AF%B5%E4%BC%B4%E3%80%91Partners
171,貓咪陪伴,周淑媛,48,1605,2005-06-16,chinese,chinese,寵物照護,https://www.youtube.com/watch?v=JXcDwFnMI9M&ab_channel=%E5%93%A9%E8%B3%80Genieyang
172,貓咪陪伴,李淑卿,91,365,2001-03-22,chinese,chinese,寵物照護,https://www.youtube.com/watch?v=7zPHkjzprG4&ab_channel=%E6%88%91%E6%98%AF%E9%A6%99%E8%8F%87Mushroom
173,狗飼主陪伴學,郭雯婷,38,485,2018-05-21,chinese,chinese,寵物訓練,https://www.youtube.com/watch?v=WK_-Pv4UWR4&ab_channel=%E6%8B%89%E5%A7%86%E6%9C%89%E5%B9%BE%E5%99%103
174,飼主導論,張怡靜,49,1186,2015-05-08,chinese,chinese,人寵關係,https://www.youtube.com/watch?v=DYijuygHYA4&ab_channel=RVT%E5%A4%A7%E7%AB%B9%E5%AD%96
175,狗狗刷牙,王育菁,92,656,2008-01-13,english,english,寵物照護,https://www.youtube.com/watch?v=_6vn5Jh31aM&ab_channel=%E6%9D%8E%E5%96%9C%E7%8C%AB
176,狗狗刷牙,張瑜甫,39,1606,2011-09-22,english,english,寵物照護,https://www.youtube.com/watch?v=vbhlSn0jyX8&ab_channel=%E8%A8%B1%E4%BC%AF%26%E7%B0%A1%E8%8A%9D%E2%80%94%E5%80%89%E9%BC%A0%E4%BA%BA
177,狗狗上廁所訓練,林禹火,50,366,2011-11-09,chinese,chinese,寵物訓練,https://www.youtube.com/watch?v=2Yqtm1lVMbk&ab_channel=%E8%A8%B1%E4%BC%AF%26%E7%B0%A1%E8%8A%9D%E2%80%94%E5%80%89%E9%BC%A0%E4%BA%BA
178,人寵關係,陳淑惠,93,486,2003-12-23,chinese,chinese,人寵關係,https://www.youtube.com/watch?v=zcRvXTjW1RU&ab_channel=%E5%A6%9E%E6%96%B0%E8%81%9E
179,貓耳照顧,蔡宜霞,40,1187,2002-02-15,chinese,chinese,寵物照護,https://www.youtube.com/watch?v=h_0XcWmepf4&ab_channel=%E8%90%8C%E5%AE%A0%E8%AE%B0%E4%BA%8Bcutedog
180,貓耳照顧,張惠君,51,2005,2021-09-11,english,english,寵物照護,https://www.youtube.com/watch?v=WsBv8--PX3o&ab_channel=%E7%88%AA%E5%AD%90%E6%AE%BF%E4%B8%8B
181,狗狗上廁所訓練,劉瑋婷,94,1285,2019-10-16,english,english,寵物訓練,https://www.youtube.com/watch?v=ur3NKd91i5I&ab_channel=%E3%80%90%E5%AF%B5%E4%BC%B4%E3%80%91Partners
182,貓咪陪伴,陳亭宏,41,3565,2009-07-31,chinese,chinese,人寵關係,https://www.youtube.com/watch?v=JXcDwFnMI9M&ab_channel=%E5%93%A9%E8%B3%80Genieyang
183,狗狗刷牙,陳柏青,52,1185,2012-04-03,chinese,chinese,寵物照護,https://www.youtube.com/watch?v=7zPHkjzprG4&ab_channel=%E6%88%91%E6%98%AF%E9%A6%99%E8%8F%87Mushroom
184,狗狗上廁所訓練,蔡喜名,77,2003,2020-12-17,chinese,chinese,寵物訓練,https://www.youtube.com/watch?v=zcRvXTjW1RU&ab_channel=%E5%A6%9E%E6%96%B0%E8%81%9E
185,貓貓餵食,陳焦糖,70,1283,2000-08-16,chinese,chinese,寵物照護,https://www.youtube.com/watch?v=h_0XcWmepf4&ab_channel=%E8%90%8C%E5%AE%A0%E8%AE%B0%E4%BA%8Bcutedog
186,貓砂清理,羅辛何,90,3563,2018-03-03,chinese,chinese,寵物訓練,https://www.youtube.com/watch?v=WsBv8--PX3o&ab_channel=%E7%88%AA%E5%AD%90%E6%AE%BF%E4%B8%8B
187,遛狗GOGO,楊小慧,37,1183,2019-12-27,chinese,chinese,人寵關係,https://www.youtube.com/watch?v=ur3NKd91i5I&ab_channel=%E3%80%90%E5%AF%B5%E4%BC%B4%E3%80%91Partners
188,人寵關係,陳曉東,48,653,2019-12-10,chinese,chinese,人寵關係,https://www.youtube.com/watch?v=JXcDwFnMI9M&ab_channel=%E5%93%A9%E8%B3%80Genieyang
189,貓耳照顧,汪東河,91,1603,2014-07-07,chinese,chinese,寵物照護,https://www.youtube.com/watch?v=7zPHkjzprG4&ab_channel=%E6%88%91%E6%98%AF%E9%A6%99%E8%8F%87Mushroom
190,導盲犬導論,陳家豪,38,363,2018-05-25,chinese,chinese,寵物訓練,https://www.youtube.com/watch?v=WK_-Pv4UWR4&ab_channel=%E6%8B%89%E5%A7%86%E6%9C%89%E5%B9%BE%E5%99%100
191,寵物安心感,林志成,49,483,2007-10-12,chinese,chinese,人寵關係,https://www.youtube.com/watch?v=DYijuygHYA4&ab_channel=RVT%E5%A4%A7%E7%AB%B9%E5%AD%93
192,獸醫導論,林宜靜,92,1184,2015-05-30,chinese,chinese,寵物照護,https://www.youtube.com/watch?v=_6vn5Jh31aM&ab_channel=%E6%9D%8E%E5%96%9C%E7%8C%AB
193,飼主導論,劉育華,39,654,2016-03-15,chinese,chinese,寵物訓練,https://www.youtube.com/watch?v=vbhlSn0jyX8&ab_channel=%E8%A8%B1%E4%BC%AF%26%E7%B0%A1%E8%8A%9D%E2%80%94%E5%80%89%E9%BC%A0%E4%BA%BA
194,聆聽寵物心聲,陳雅婷,50,1604,2010-08-13,chinese,chinese,人寵關係,https://www.youtube.com/watch?v=2Yqtm1lVMbk&ab_channel=%E8%A8%B1%E4%BC%AF%26%E7%B0%A1%E8%8A%9D%E2%80%94%E5%80%89%E9%BC%A0%E4%BA%BA
195,狗狗刷牙,陳秋星,93,364,2008-05-26,english,english,寵物照護,https://www.youtube.com/watch?v=zcRvXTjW1RU&ab_channel=%E5%A6%9E%E6%96%B0%E8%81%9E
196,遛狗GOGO,李俊妮,40,484,2005-10-05,english,english,寵物訓練,https://www.youtube.com/watch?v=h_0XcWmepf4&ab_channel=%E8%90%8C%E5%AE%A0%E8%AE%B0%E4%BA%8Bcutedog
197,人寵關係,蔡宛州,51,1185,2014-07-10,chinese,chinese,人寵關係,https://www.youtube.com/watch?v=WsBv8--PX3o&ab_channel=%E7%88%AA%E5%AD%90%E6%AE%BF%E4%B8%8B
198,狗狗刷牙,周怡芃,94,655,2012-05-28,chinese,chinese,寵物照護,https://www.youtube.com/watch?v=ur3NKd91i5I&ab_channel=%E3%80%90%E5%AF%B5%E4%BC%B4%E3%80%91Partners
199,導盲犬導論,鄧郁婷,41,1605,2005-08-09,chinese,chinese,寵物訓練,https://www.youtube.com/watch?v=JXcDwFnMI9M&ab_channel=%E5%93%A9%E8%B3%80Genieyang
200,人寵關係,蘇家祥,52,365,2021-09-08,english,english,人寵關係,https://www.youtube.com/watch?v=7zPHkjzprG4&ab_channel=%E6%88%91%E6%98%AF%E9%A6%99%E8%8F%87Mushroom
201,獸醫導論,吳柏伯,95,485,2014-09-07,english,english,寵物照護,https://www.youtube.com/watch?v=WK_-Pv4UWR4&ab_channel=%E6%8B%89%E5%A7%86%E6%9C%89%E5%B9%BE%E5%99%101
202,狗狗上廁所訓練,張家瑋,42,1186,2010-12-16,chinese,chinese,寵物訓練,https://www.youtube.com/watch?v=DYijuygHYA4&ab_channel=RVT%E5%A4%A7%E7%AB%B9%E5%AD%94
203,人寵關係,楊俊偉,53,2004,2001-03-09,chinese,chinese,人寵關係,https://www.youtube.com/watch?v=_6vn5Jh31aM&ab_channel=%E6%9D%8E%E5%96%9C%E7%8C%AB
204,狗狗接飛盤,李育修,91,1284,2000-02-08,chinese,chinese,寵物訓練,https://www.youtube.com/watch?v=vbhlSn0jyX8&ab_channel=%E8%A8%B1%E4%BC%AF%26%E7%B0%A1%E8%8A%9D%E2%80%94%E5%80%89%E9%BC%A0%E4%BA%BA
205,貓狗相處,梁佩儒,38,3564,2010-03-04,chinese,chinese,人寵關係,https://www.youtube.com/watch?v=2Yqtm1lVMbk&ab_channel=%E8%A8%B1%E4%BC%AF%26%E7%B0%A1%E8%8A%9D%E2%80%94%E5%80%89%E9%BC%A0%E4%BA%BA
206,狗狗上廁所訓練,侯隆杰,49,1184,2005-08-04,chinese,chinese,寵物訓練,https://www.youtube.com/watch?v=zcRvXTjW1RU&ab_channel=%E5%A6%9E%E6%96%B0%E8%81%9E
207,聆聽寵物心聲,劉玟光,92,654,2017-05-06,english,english,人寵關係,https://www.youtube.com/watch?v=h_0XcWmepf4&ab_channel=%E8%90%8C%E5%AE%A0%E8%AE%B0%E4%BA%8Bcutedog
208,狗狗接飛盤,張春泰,39,1604,2018-05-05,english,english,寵物訓練,https://www.youtube.com/watch?v=WsBv8--PX3o&ab_channel=%E7%88%AA%E5%AD%90%E6%AE%BF%E4%B8%8B
209,人寵關係,張建宏,50,364,2011-11-07,chinese,chinese,人寵關係,https://www.youtube.com/watch?v=ur3NKd91i5I&ab_channel=%E3%80%90%E5%AF%B5%E4%BC%B4%E3%80%91Partners
210,狗狗接飛盤,林佳定,93,484,2003-04-25,chinese,chinese,寵物訓練,https://www.youtube.com/watch?v=JXcDwFnMI9M&ab_channel=%E5%93%A9%E8%B3%80Genieyang
211,寵物導論,張惠仁,40,1185,2014-11-18,chinese,chinese,人寵關係,https://www.youtube.com/watch?v=7zPHkjzprG4&ab_channel=%E6%88%91%E6%98%AF%E9%A6%99%E8%8F%87Mushroom
212,貓狗馬戲團導論,蔡欣樺,51,655,2016-07-23,english,english,寵物訓練,https://www.youtube.com/watch?v=WK_-Pv4UWR4&ab_channel=%E6%8B%89%E5%A7%86%E6%9C%89%E5%B9%BE%E5%99%102
213,人寵關係,楊哲榮,94,1605,2000-01-08,english,english,人寵關係,https://www.youtube.com/watch?v=DYijuygHYA4&ab_channel=RVT%E5%A4%A7%E7%AB%B9%E5%AD%95
214,狗狗上廁所訓練,陳俊賢,41,365,2001-06-02,chinese,chinese,寵物訓練,https://www.youtube.com/watch?v=_6vn5Jh31aM&ab_channel=%E6%9D%8E%E5%96%9C%E7%8C%AB
215,人寵關係,程恭其,52,485,2001-02-28,chinese,chinese,人寵關係,https://www.youtube.com/watch?v=vbhlSn0jyX8&ab_channel=%E8%A8%B1%E4%BC%AF%26%E7%B0%A1%E8%8A%9D%E2%80%94%E5%80%89%E9%BC%A0%E4%BA%BA
216,狗狗上廁所訓練,邱秀玲,95,1186,2019-09-30,chinese,chinese,寵物訓練,https://www.youtube.com/watch?v=2Yqtm1lVMbk&ab_channel=%E8%A8%B1%E4%BC%AF%26%E7%B0%A1%E8%8A%9D%E2%80%94%E5%80%89%E9%BC%A0%E4%BA%BA
217,貓狗疫苗,林湘緯,42,656,2010-10-30,chinese,chinese,寵物照護,https://www.youtube.com/watch?v=zcRvXTjW1RU&ab_channel=%E5%A6%9E%E6%96%B0%E8%81%9E
218,狗狗上廁所訓練,吳原水,53,1606,2003-01-25,chinese,chinese,寵物訓練,https://www.youtube.com/watch?v=h_0XcWmepf4&ab_channel=%E8%90%8C%E5%AE%A0%E8%AE%B0%E4%BA%8Bcutedog
219,貓狗陪伴,林筱婷,96,366,2018-04-19,english,english,人寵關係,https://www.youtube.com/watch?v=WsBv8--PX3o&ab_channel=%E7%88%AA%E5%AD%90%E6%AE%BF%E4%B8%8B
220,聆聽寵物心聲,梁冠德,43,486,2015-05-19,english,english,寵物照護,https://www.youtube.com/watch?v=ur3NKd91i5I&ab_channel=%E3%80%90%E5%AF%B5%E4%BC%B4%E3%80%91Partners
221,聆聽寵物,謝宛君,54,1187,2021-06-07,chinese,chinese,寵物照護,https://www.youtube.com/watch?v=JXcDwFnMI9M&ab_channel=%E5%93%A9%E8%B3%80Genieyang
222,狗狗上廁所訓練,張淑奇,92,2005,2005-05-06,chinese,chinese,寵物訓練,https://www.youtube.com/watch?v=7zPHkjzprG4&ab_channel=%E6%88%91%E6%98%AF%E9%A6%99%E8%8F%87Mushroom
223,貓狗相處,林雅雯,39,1285,2013-12-25,chinese,chinese,人寵關係,https://www.youtube.com/watch?v=WK_-Pv4UWR4&ab_channel=%E6%8B%89%E5%A7%86%E6%9C%89%E5%B9%BE%E5%99%103
224,狗狗刷牙,黃芳儀,50,3565,2020-09-20,english,english,寵物照護,https://www.youtube.com/watch?v=DYijuygHYA4&ab_channel=RVT%E5%A4%A7%E7%AB%B9%E5%AD%96
225,狗狗刷牙,游乃政,93,1185,2018-02-20,english,english,寵物照護,https://www.youtube.com/watch?v=_6vn5Jh31aM&ab_channel=%E6%9D%8E%E5%96%9C%E7%8C%AB
226,狗狗上廁所訓練,謝伶盛,40,655,2004-05-27,chinese,chinese,寵物訓練,https://www.youtube.com/watch?v=vbhlSn0jyX8&ab_channel=%E8%A8%B1%E4%BC%AF%26%E7%B0%A1%E8%8A%9D%E2%80%94%E5%80%89%E9%BC%A0%E4%BA%BA
227,人寵關係,梁依珮,51,1605,2021-12-31,chinese,chinese,人寵關係,https://www.youtube.com/watch?v=2Yqtm1lVMbk&ab_channel=%E8%A8%B1%E4%BC%AF%26%E7%B0%A1%E8%8A%9D%E2%80%94%E5%80%89%E9%BC%A0%E4%BA%BA
228,聆聽寵物,李家宏,94,365,2004-01-26,chinese,chinese,寵物照護,https://www.youtube.com/watch?v=zcRvXTjW1RU&ab_channel=%E5%A6%9E%E6%96%B0%E8%81%9E
229,遛狗GOGO,林奕書,41,485,2014-02-25,english,english,寵物照護,https://www.youtube.com/watch?v=h_0XcWmepf4&ab_channel=%E8%90%8C%E5%AE%A0%E8%AE%B0%E4%BA%8Bcutedog
230,狗狗上廁所訓練,蘇璇岳,91,1186,2020-11-27,english,english,寵物訓練,https://www.youtube.com/watch?v=WsBv8--PX3o&ab_channel=%E7%88%AA%E5%AD%90%E6%AE%BF%E4%B8%8B
231,飼主導論,曹人一,38,656,2017-01-12,chinese,chinese,人寵關係,https://www.youtube.com/watch?v=ur3NKd91i5I&ab_channel=%E3%80%90%E5%AF%B5%E4%BC%B4%E3%80%91Partners
232,貓咪陪伴,周淑媛,49,1606,2005-06-17,chinese,chinese,寵物照護,https://www.youtube.com/watch?v=JXcDwFnMI9M&ab_channel=%E5%93%A9%E8%B3%80Genieyang
233,貓咪陪伴,李淑卿,92,366,2001-03-23,chinese,chinese,寵物照護,https://www.youtube.com/watch?v=7zPHkjzprG4&ab_channel=%E6%88%91%E6%98%AF%E9%A6%99%E8%8F%87Mushroom
234,狗飼主陪伴學,郭雯婷,39,486,2018-05-22,chinese,chinese,寵物訓練,https://www.youtube.com/watch?v=WK_-Pv4UWR4&ab_channel=%E6%8B%89%E5%A7%86%E6%9C%89%E5%B9%BE%E5%99%104
235,飼主導論,張怡靜,50,1187,2015-05-09,chinese,chinese,人寵關係,https://www.youtube.com/watch?v=DYijuygHYA4&ab_channel=RVT%E5%A4%A7%E7%AB%B9%E5%AD%97
236,狗狗刷牙,王育菁,93,657,2008-01-14,english,english,寵物照護,https://www.youtube.com/watch?v=_6vn5Jh31aM&ab_channel=%E6%9D%8E%E5%96%9C%E7%8C%AB
237,狗狗刷牙,張瑜甫,40,1607,2011-09-23,english,english,寵物照護,https://www.youtube.com/watch?v=vbhlSn0jyX8&ab_channel=%E8%A8%B1%E4%BC%AF%26%E7%B0%A1%E8%8A%9D%E2%80%94%E5%80%89%E9%BC%A0%E4%BA%BA
238,狗狗上廁所訓練,林禹火,51,367,2011-11-10,chinese,chinese,寵物訓練,https://www.youtube.com/watch?v=2Yqtm1lVMbk&ab_channel=%E8%A8%B1%E4%BC%AF%26%E7%B0%A1%E8%8A%9D%E2%80%94%E5%80%89%E9%BC%A0%E4%BA%BA
239,人寵關係,陳淑惠,94,487,2003-12-24,chinese,chinese,人寵關係,https://www.youtube.com/watch?v=zcRvXTjW1RU&ab_channel=%E5%A6%9E%E6%96%B0%E8%81%9E
240,貓耳照顧,蔡宜霞,41,1188,2002-02-16,chinese,chinese,寵物照護,https://www.youtube.com/watch?v=h_0XcWmepf4&ab_channel=%E8%90%8C%E5%AE%A0%E8%AE%B0%E4%BA%8Bcutedog
241,貓耳照顧,張惠君,52,2006,2021-09-12,english,english,寵物照護,https://www.youtube.com/watch?v=WsBv8--PX3o&ab_channel=%E7%88%AA%E5%AD%90%E6%AE%BF%E4%B8%8B
242,狗狗上廁所訓練,劉瑋婷,95,1286,2019-10-17,english,english,寵物訓練,https://www.youtube.com/watch?v=ur3NKd91i5I&ab_channel=%E3%80%90%E5%AF%B5%E4%BC%B4%E3%80%91Partners
243,貓咪陪伴,陳亭宏,42,3566,2009-08-01,chinese,chinese,人寵關係,https://www.youtube.com/watch?v=JXcDwFnMI9M&ab_channel=%E5%93%A9%E8%B3%80Genieyang
244,狗狗刷牙,陳柏青,53,1186,2012-04-04,chinese,chinese,寵物照護,https://www.youtube.com/watch?v=7zPHkjzprG4&ab_channel=%E6%88%91%E6%98%AF%E9%A6%99%E8%8F%87Mushroom
245,狗狗上廁所訓練,蔡喜名,78,2004,2020-12-18,chinese,chinese,寵物訓練,https://www.youtube.com/watch?v=zcRvXTjW1RU&ab_channel=%E5%A6%9E%E6%96%B0%E8%81%9E
246,貓貓餵食,陳焦糖,71,1284,2000-08-17,chinese,chinese,寵物照護,https://www.youtube.com/watch?v=h_0XcWmepf4&ab_channel=%E8%90%8C%E5%AE%A0%E8%AE%B0%E4%BA%8Bcutedog
247,貓砂清理,羅辛何,91,3564,2018-03-04,chinese,chinese,寵物訓練,https://www.youtube.com/watch?v=WsBv8--PX3o&ab_channel=%E7%88%AA%E5%AD%90%E6%AE%BF%E4%B8%8B
248,遛狗GOGO,楊小慧,38,1184,2019-12-28,chinese,chinese,人寵關係,https://www.youtube.com/watch?v=ur3NKd91i5I&ab_channel=%E3%80%90%E5%AF%B5%E4%BC%B4%E3%80%91Partners
249,人寵關係,陳曉東,49,654,2019-12-11,chinese,chinese,人寵關係,https://www.youtube.com/watch?v=JXcDwFnMI9M&ab_channel=%E5%93%A9%E8%B3%80Genieyang
250,貓耳照顧,汪東河,92,1604,2014-07-08,chinese,chinese,寵物照護,https://www.youtube.com/watch?v=7zPHkjzprG4&ab_channel=%E6%88%91%E6%98%AF%E9%A6%99%E8%8F%87Mushroom
251,導盲犬導論,陳家豪,39,364,2018-05-26,chinese,chinese,寵物訓練,https://www.youtube.com/watch?v=WK_-Pv4UWR4&ab_channel=%E6%8B%89%E5%A7%86%E6%9C%89%E5%B9%BE%E5%99%101
252,寵物安心感,林志成,50,484,2007-10-13,chinese,chinese,人寵關係,https://www.youtube.com/watch?v=DYijuygHYA4&ab_channel=RVT%E5%A4%A7%E7%AB%B9%E5%AD%94
253,獸醫導論,林宜靜,93,1185,2015-05-31,chinese,chinese,寵物照護,https://www.youtube.com/watch?v=_6vn5Jh31aM&ab_channel=%E6%9D%8E%E5%96%9C%E7%8C%AB
254,飼主導論,劉育華,40,655,2016-03-16,chinese,chinese,寵物訓練,https://www.youtube.com/watch?v=vbhlSn0jyX8&ab_channel=%E8%A8%B1%E4%BC%AF%26%E7%B0%A1%E8%8A%9D%E2%80%94%E5%80%89%E9%BC%A0%E4%BA%BA
255,聆聽寵物心聲,陳雅婷,51,1605,2010-08-14,chinese,chinese,人寵關係,https://www.youtube.com/watch?v=2Yqtm1lVMbk&ab_channel=%E8%A8%B1%E4%BC%AF%26%E7%B0%A1%E8%8A%9D%E2%80%94%E5%80%89%E9%BC%A0%E4%BA%BA
256,狗狗刷牙,陳秋星,94,365,2008-05-27,english,english,寵物照護,https://www.youtube.com/watch?v=zcRvXTjW1RU&ab_channel=%E5%A6%9E%E6%96%B0%E8%81%9E
257,遛狗GOGO,李俊妮,41,485,2005-10-06,english,english,寵物訓練,https://www.youtube.com/watch?v=h_0XcWmepf4&ab_channel=%E8%90%8C%E5%AE%A0%E8%AE%B0%E4%BA%8Bcutedog
258,人寵關係,蔡宛州,52,1186,2014-07-11,chinese,chinese,人寵關係,https://www.youtube.com/watch?v=WsBv8--PX3o&ab_channel=%E7%88%AA%E5%AD%90%E6%AE%BF%E4%B8%8B
259,狗狗刷牙,周怡芃,95,656,2012-05-29,chinese,chinese,寵物照護,https://www.youtube.com/watch?v=ur3NKd91i5I&ab_channel=%E3%80%90%E5%AF%B5%E4%BC%B4%E3%80%91Partners
260,導盲犬導論,鄧郁婷,42,1606,2005-08-10,chinese,chinese,寵物訓練,https://www.youtube.com/watch?v=JXcDwFnMI9M&ab_channel=%E5%93%A9%E8%B3%80Genieyang
261,人寵關係,蘇家祥,53,366,2021-09-09,english,english,人寵關係,https://www.youtube.com/watch?v=7zPHkjzprG4&ab_channel=%E6%88%91%E6%98%AF%E9%A6%99%E8%8F%87Mushroom
262,獸醫導論,吳柏伯,96,486,2014-09-08,english,english,寵物照護,https://www.youtube.com/watch?v=WK_-Pv4UWR4&ab_channel=%E6%8B%89%E5%A7%86%E6%9C%89%E5%B9%BE%E5%99%102
263,狗狗上廁所訓練,張家瑋,43,1187,2010-12-17,chinese,chinese,寵物訓練,https://www.youtube.com/watch?v=DYijuygHYA4&ab_channel=RVT%E5%A4%A7%E7%AB%B9%E5%AD%95
264,人寵關係,楊俊偉,54,2005,2001-03-10,chinese,chinese,人寵關係,https://www.youtube.com/watch?v=_6vn5Jh31aM&ab_channel=%E6%9D%8E%E5%96%9C%E7%8C%AB
265,狗狗接飛盤,李育修,92,1285,2000-02-09,chinese,chinese,寵物訓練,https://www.youtube.com/watch?v=vbhlSn0jyX8&ab_channel=%E8%A8%B1%E4%BC%AF%26%E7%B0%A1%E8%8A%9D%E2%80%94%E5%80%89%E9%BC%A0%E4%BA%BA
266,貓狗相處,梁佩儒,39,3565,2010-03-05,chinese,chinese,人寵關係,https://www.youtube.com/watch?v=2Yqtm1lVMbk&ab_channel=%E8%A8%B1%E4%BC%AF%26%E7%B0%A1%E8%8A%9D%E2%80%94%E5%80%89%E9%BC%A0%E4%BA%BA
267,狗狗上廁所訓練,侯隆杰,50,1185,2005-08-05,chinese,chinese,寵物訓練,https://www.youtube.com/watch?v=zcRvXTjW1RU&ab_channel=%E5%A6%9E%E6%96%B0%E8%81%9E
268,聆聽寵物心聲,劉玟光,93,655,2017-05-07,english,english,人寵關係,https://www.youtube.com/watch?v=h_0XcWmepf4&ab_channel=%E8%90%8C%E5%AE%A0%E8%AE%B0%E4%BA%8Bcutedog
269,狗狗接飛盤,張春泰,40,1605,2018-05-06,english,english,寵物訓練,https://www.youtube.com/watch?v=WsBv8--PX3o&ab_channel=%E7%88%AA%E5%AD%90%E6%AE%BF%E4%B8%8B
270,人寵關係,張建宏,51,365,2011-11-08,chinese,chinese,人寵關係,https://www.youtube.com/watch?v=ur3NKd91i5I&ab_channel=%E3%80%90%E5%AF%B5%E4%BC%B4%E3%80%91Partners
271,狗狗接飛盤,林佳定,94,485,2003-04-26,chinese,chinese,寵物訓練,https://www.youtube.com/watch?v=JXcDwFnMI9M&ab_channel=%E5%93%A9%E8%B3%80Genieyang
272,寵物導論,張惠仁,41,1186,2014-11-19,chinese,chinese,人寵關係,https://www.youtube.com/watch?v=7zPHkjzprG4&ab_channel=%E6%88%91%E6%98%AF%E9%A6%99%E8%8F%87Mushroom
273,貓狗馬戲團導論,蔡欣樺,52,656,2016-07-24,english,english,寵物訓練,https://www.youtube.com/watch?v=WK_-Pv4UWR4&ab_channel=%E6%8B%89%E5%A7%86%E6%9C%89%E5%B9%BE%E5%99%103
274,人寵關係,楊哲榮,95,1606,2000-01-09,english,english,人寵關係,https://www.youtube.com/watch?v=DYijuygHYA4&ab_channel=RVT%E5%A4%A7%E7%AB%B9%E5%AD%96
275,狗狗上廁所訓練,陳俊賢,42,366,2001-06-03,chinese,chinese,寵物訓練,https://www.youtube.com/watch?v=_6vn5Jh31aM&ab_channel=%E6%9D%8E%E5%96%9C%E7%8C%AB
276,人寵關係,程恭其,53,486,2001-03-01,chinese,chinese,人寵關係,https://www.youtube.com/watch?v=vbhlSn0jyX8&ab_channel=%E8%A8%B1%E4%BC%AF%26%E7%B0%A1%E8%8A%9D%E2%80%94%E5%80%89%E9%BC%A0%E4%BA%BA
277,狗狗上廁所訓練,邱秀玲,96,1187,2019-10-01,chinese,chinese,寵物訓練,https://www.youtube.com/watch?v=2Yqtm1lVMbk&ab_channel=%E8%A8%B1%E4%BC%AF%26%E7%B0%A1%E8%8A%9D%E2%80%94%E5%80%89%E9%BC%A0%E4%BA%BA
278,貓狗疫苗,林湘緯,43,657,2010-10-31,chinese,chinese,寵物照護,https://www.youtube.com/watch?v=zcRvXTjW1RU&ab_channel=%E5%A6%9E%E6%96%B0%E8%81%9E
279,狗狗上廁所訓練,吳原水,54,1607,2003-01-26,chinese,chinese,寵物訓練,https://www.youtube.com/watch?v=h_0XcWmepf4&ab_channel=%E8%90%8C%E5%AE%A0%E8%AE%B0%E4%BA%8Bcutedog
280,貓狗陪伴,林筱婷,97,367,2018-04-20,english,english,人寵關係,https://www.youtube.com/watch?v=WsBv8--PX3o&ab_channel=%E7%88%AA%E5%AD%90%E6%AE%BF%E4%B8%8B
281,聆聽寵物心聲,梁冠德,44,487,2015-05-20,english,english,寵物照護,https://www.youtube.com/watch?v=ur3NKd91i5I&ab_channel=%E3%80%90%E5%AF%B5%E4%BC%B4%E3%80%91Partners
282,聆聽寵物,謝宛君,55,1188,2021-06-08,chinese,chinese,寵物照護,https://www.youtube.com/watch?v=JXcDwFnMI9M&ab_channel=%E5%93%A9%E8%B3%80Genieyang
283,狗狗上廁所訓練,張淑奇,93,2006,2005-05-07,chinese,chinese,寵物訓練,https://www.youtube.com/watch?v=7zPHkjzprG4&ab_channel=%E6%88%91%E6%98%AF%E9%A6%99%E8%8F%87Mushroom
284,貓狗相處,林雅雯,40,1286,2013-12-26,chinese,chinese,人寵關係,https://www.youtube.com/watch?v=WK_-Pv4UWR4&ab_channel=%E6%8B%89%E5%A7%86%E6%9C%89%E5%B9%BE%E5%99%104
285,狗狗刷牙,黃芳儀,51,3566,2020-09-21,english,english,寵物照護,https://www.youtube.com/watch?v=DYijuygHYA4&ab_channel=RVT%E5%A4%A7%E7%AB%B9%E5%AD%97
286,狗狗刷牙,游乃政,94,1186,2018-02-21,english,english,寵物照護,https://www.youtube.com/watch?v=_6vn5Jh31aM&ab_channel=%E6%9D%8E%E5%96%9C%E7%8C%AB
287,狗狗上廁所訓練,謝伶盛,41,656,2004-05-28,chinese,chinese,寵物訓練,https://www.youtube.com/watch?v=vbhlSn0jyX8&ab_channel=%E8%A8%B1%E4%BC%AF%26%E7%B0%A1%E8%8A%9D%E2%80%94%E5%80%89%E9%BC%A0%E4%BA%BA
288,人寵關係,梁依珮,52,1606,2022-01-01,chinese,chinese,人寵關係,https://www.youtube.com/watch?v=2Yqtm1lVMbk&ab_channel=%E8%A8%B1%E4%BC%AF%26%E7%B0%A1%E8%8A%9D%E2%80%94%E5%80%89%E9%BC%A0%E4%BA%BA
289,聆聽寵物,李家宏,95,366,2004-01-27,chinese,chinese,寵物照護,https://www.youtube.com/watch?v=zcRvXTjW1RU&ab_channel=%E5%A6%9E%E6%96%B0%E8%81%9E
290,遛狗GOGO,林奕書,42,486,2014-02-26,english,english,寵物照護,https://www.youtube.com/watch?v=h_0XcWmepf4&ab_channel=%E8%90%8C%E5%AE%A0%E8%AE%B0%E4%BA%8Bcutedog
291,狗狗上廁所訓練,蘇璇岳,92,1187,2020-11-28,english,english,寵物訓練,https://www.youtube.com/watch?v=WsBv8--PX3o&ab_channel=%E7%88%AA%E5%AD%90%E6%AE%BF%E4%B8%8B
292,飼主導論,曹人一,39,657,2017-01-13,chinese,chinese,人寵關係,https://www.youtube.com/watch?v=ur3NKd91i5I&ab_channel=%E3%80%90%E5%AF%B5%E4%BC%B4%E3%80%91Partners
293,貓咪陪伴,周淑媛,50,1607,2005-06-18,chinese,chinese,寵物照護,https://www.youtube.com/watch?v=JXcDwFnMI9M&ab_channel=%E5%93%A9%E8%B3%80Genieyang
294,貓咪陪伴,李淑卿,93,367,2001-03-24,chinese,chinese,寵物照護,https://www.youtube.com/watch?v=7zPHkjzprG4&ab_channel=%E6%88%91%E6%98%AF%E9%A6%99%E8%8F%87Mushroom
295,狗飼主陪伴學,郭雯婷,40,487,2018-05-23,chinese,chinese,寵物訓練,https://www.youtube.com/watch?v=WK_-Pv4UWR4&ab_channel=%E6%8B%89%E5%A7%86%E6%9C%89%E5%B9%BE%E5%99%105
296,飼主導論,張怡靜,51,1188,2015-05-10,chinese,chinese,人寵關係,https://www.youtube.com/watch?v=DYijuygHYA4&ab_channel=RVT%E5%A4%A7%E7%AB%B9%E5%AD%98
297,狗狗刷牙,王育菁,94,658,2008-01-15,english,english,寵物照護,https://www.youtube.com/watch?v=_6vn5Jh31aM&ab_channel=%E6%9D%8E%E5%96%9C%E7%8C%AB
298,狗狗刷牙,張瑜甫,41,1608,2011-09-24,english,english,寵物照護,https://www.youtube.com/watch?v=vbhlSn0jyX8&ab_channel=%E8%A8%B1%E4%BC%AF%26%E7%B0%A1%E8%8A%9D%E2%80%94%E5%80%89%E9%BC%A0%E4%BA%BA
299,狗狗上廁所訓練,林禹火,52,368,2011-11-11,chinese,chinese,寵物訓練,https://www.youtube.com/watch?v=2Yqtm1lVMbk&ab_channel=%E8%A8%B1%E4%BC%AF%26%E7%B0%A1%E8%8A%9D%E2%80%94%E5%80%89%E9%BC%A0%E4%BA%BA
300,人寵關係,陳淑惠,95,488,2003-12-25,chinese,chinese,人寵關係,https://www.youtube.com/watch?v=zcRvXTjW1RU&ab_channel=%E5%A6%9E%E6%96%B0%E8%81%9E
301,貓耳照顧,蔡宜霞,42,1189,2002-02-17,chinese,chinese,寵物照護,https://www.youtube.com/watch?v=h_0XcWmepf4&ab_channel=%E8%90%8C%E5%AE%A0%E8%AE%B0%E4%BA%8Bcutedog
302,貓耳照顧,張惠君,53,2007,2021-09-13,english,english,寵物照護,https://www.youtube.com/watch?v=WsBv8--PX3o&ab_channel=%E7%88%AA%E5%AD%90%E6%AE%BF%E4%B8%8B
303,狗狗上廁所訓練,劉瑋婷,96,1287,2019-10-18,english,english,寵物訓練,https://www.youtube.com/watch?v=ur3NKd91i5I&ab_channel=%E3%80%90%E5%AF%B5%E4%BC%B4%E3%80%91Partners
304,貓咪陪伴,陳亭宏,43,3567,2009-08-02,chinese,chinese,人寵關係,https://www.youtube.com/watch?v=JXcDwFnMI9M&ab_channel=%E5%93%A9%E8%B3%80Genieyang
305,狗狗刷牙,陳柏青,54,1187,2012-04-05,chinese,chinese,寵物照護,https://www.youtube.com/watch?v=7zPHkjzprG4&ab_channel=%E6%88%91%E6%98%AF%E9%A6%99%E8%8F%87Mushroom
306,狗狗上廁所訓練,蔡喜名,79,2005,2020-12-19,chinese,chinese,寵物訓練,https://www.youtube.com/watch?v=zcRvXTjW1RU&ab_channel=%E5%A6%9E%E6%96%B0%E8%81%9E
307,貓貓餵食,陳焦糖,72,1285,2000-08-18,chinese,chinese,寵物照護,https://www.youtube.com/watch?v=h_0XcWmepf4&ab_channel=%E8%90%8C%E5%AE%A0%E8%AE%B0%E4%BA%8Bcutedog
308,貓砂清理,羅辛何,92,3565,2018-03-05,chinese,chinese,寵物訓練,https://www.youtube.com/watch?v=WsBv8--PX3o&ab_channel=%E7%88%AA%E5%AD%90%E6%AE%BF%E4%B8%8B
309,遛狗GOGO,楊小慧,39,1185,2019-12-29,chinese,chinese,人寵關係,https://www.youtube.com/watch?v=ur3NKd91i5I&ab_channel=%E3%80%90%E5%AF%B5%E4%BC%B4%E3%80%91Partners
310,人寵關係,陳曉東,50,655,2019-12-12,chinese,chinese,人寵關係,https://www.youtube.com/watch?v=JXcDwFnMI9M&ab_channel=%E5%93%A9%E8%B3%80Genieyang
311,貓耳照顧,汪東河,93,1605,2014-07-09,chinese,chinese,寵物照護,https://www.youtube.com/watch?v=7zPHkjzprG4&ab_channel=%E6%88%91%E6%98%AF%E9%A6%99%E8%8F%87Mushroom
312,導盲犬導論,陳家豪,40,365,2018-05-27,chinese,chinese,寵物訓練,https://www.youtube.com/watch?v=WK_-Pv4UWR4&ab_channel=%E6%8B%89%E5%A7%86%E6%9C%89%E5%B9%BE%E5%99%102
313,寵物安心感,林志成,51,485,2007-10-14,chinese,chinese,人寵關係,https://www.youtube.com/watch?v=DYijuygHYA4&ab_channel=RVT%E5%A4%A7%E7%AB%B9%E5%AD%95
314,獸醫導論,林宜靜,94,1186,2015-06-01,chinese,chinese,寵物照護,https://www.youtube.com/watch?v=_6vn5Jh31aM&ab_channel=%E6%9D%8E%E5%96%9C%E7%8C%AB
315,飼主導論,劉育華,41,656,2016-03-17,chinese,chinese,寵物訓練,https://www.youtube.com/watch?v=vbhlSn0jyX8&ab_channel=%E8%A8%B1%E4%BC%AF%26%E7%B0%A1%E8%8A%9D%E2%80%94%E5%80%89%E9%BC%A0%E4%BA%BA
316,聆聽寵物心聲,陳雅婷,52,1606,2010-08-15,chinese,chinese,人寵關係,https://www.youtube.com/watch?v=2Yqtm1lVMbk&ab_channel=%E8%A8%B1%E4%BC%AF%26%E7%B0%A1%E8%8A%9D%E2%80%94%E5%80%89%E9%BC%A0%E4%BA%BA
317,狗狗刷牙,陳秋星,95,366,2008-05-28,english,english,寵物照護,https://www.youtube.com/watch?v=zcRvXTjW1RU&ab_channel=%E5%A6%9E%E6%96%B0%E8%81%9E
318,遛狗GOGO,李俊妮,42,486,2005-10-07,english,english,寵物訓練,https://www.youtube.com/watch?v=h_0XcWmepf4&ab_channel=%E8%90%8C%E5%AE%A0%E8%AE%B0%E4%BA%8Bcutedog
319,人寵關係,蔡宛州,53,1187,2014-07-12,chinese,chinese,人寵關係,https://www.youtube.com/watch?v=WsBv8--PX3o&ab_channel=%E7%88%AA%E5%AD%90%E6%AE%BF%E4%B8%8B
320,狗狗刷牙,周怡芃,96,657,2012-05-30,chinese,chinese,寵物照護,https://www.youtube.com/watch?v=ur3NKd91i5I&ab_channel=%E3%80%90%E5%AF%B5%E4%BC%B4%E3%80%91Partners
321,導盲犬導論,鄧郁婷,43,1607,2005-08-11,chinese,chinese,寵物訓練,https://www.youtube.com/watch?v=JXcDwFnMI9M&ab_channel=%E5%93%A9%E8%B3%80Genieyang
322,人寵關係,蘇家祥,54,367,2021-09-10,english,english,人寵關係,https://www.youtube.com/watch?v=7zPHkjzprG4&ab_channel=%E6%88%91%E6%98%AF%E9%A6%99%E8%8F%87Mushroom
323,獸醫導論,吳柏伯,97,487,2014-09-09,english,english,寵物照護,https://www.youtube.com/watch?v=WK_-Pv4UWR4&ab_channel=%E6%8B%89%E5%A7%86%E6%9C%89%E5%B9%BE%E5%99%103
324,狗狗上廁所訓練,張家瑋,44,1188,2010-12-18,chinese,chinese,寵物訓練,https://www.youtube.com/watch?v=DYijuygHYA4&ab_channel=RVT%E5%A4%A7%E7%AB%B9%E5%AD%96
325,人寵關係,楊俊偉,55,2006,2001-03-11,chinese,chinese,人寵關係,https://www.youtube.com/watch?v=_6vn5Jh31aM&ab_channel=%E6%9D%8E%E5%96%9C%E7%8C%AB
326,狗狗接飛盤,李育修,93,1286,2000-02-10,chinese,chinese,寵物訓練,https://www.youtube.com/watch?v=vbhlSn0jyX8&ab_channel=%E8%A8%B1%E4%BC%AF%26%E7%B0%A1%E8%8A%9D%E2%80%94%E5%80%89%E9%BC%A0%E4%BA%BA
327,貓狗相處,梁佩儒,40,3566,2010-03-06,chinese,chinese,人寵關係,https://www.youtube.com/watch?v=2Yqtm1lVMbk&ab_channel=%E8%A8%B1%E4%BC%AF%26%E7%B0%A1%E8%8A%9D%E2%80%94%E5%80%89%E9%BC%A0%E4%BA%BA
328,狗狗上廁所訓練,侯隆杰,51,1186,2005-08-06,chinese,chinese,寵物訓練,https://www.youtube.com/watch?v=zcRvXTjW1RU&ab_channel=%E5%A6%9E%E6%96%B0%E8%81%9E
329,聆聽寵物心聲,劉玟光,94,656,2017-05-08,english,english,人寵關係,https://www.youtube.com/watch?v=h_0XcWmepf4&ab_channel=%E8%90%8C%E5%AE%A0%E8%AE%B0%E4%BA%8Bcutedog
330,狗狗接飛盤,張春泰,41,1606,2018-05-07,english,english,寵物訓練,https://www.youtube.com/watch?v=WsBv8--PX3o&ab_channel=%E7%88%AA%E5%AD%90%E6%AE%BF%E4%B8%8B
331,人寵關係,張建宏,52,366,2011-11-09,chinese,chinese,人寵關係,https://www.youtube.com/watch?v=ur3NKd91i5I&ab_channel=%E3%80%90%E5%AF%B5%E4%BC%B4%E3%80%91Partners
332,狗狗接飛盤,林佳定,95,486,2003-04-27,chinese,chinese,寵物訓練,https://www.youtube.com/watch?v=JXcDwFnMI9M&ab_channel=%E5%93%A9%E8%B3%80Genieyang
333,寵物導論,張惠仁,42,1187,2014-11-20,chinese,chinese,人寵關係,https://www.youtube.com/watch?v=7zPHkjzprG4&ab_channel=%E6%88%91%E6%98%AF%E9%A6%99%E8%8F%87Mushroom
334,貓狗馬戲團導論,蔡欣樺,53,657,2016-07-25,english,english,寵物訓練,https://www.youtube.com/watch?v=WK_-Pv4UWR4&ab_channel=%E6%8B%89%E5%A7%86%E6%9C%89%E5%B9%BE%E5%99%104
335,人寵關係,楊哲榮,96,1607,2000-01-10,english,english,人寵關係,https://www.youtube.com/watch?v=DYijuygHYA4&ab_channel=RVT%E5%A4%A7%E7%AB%B9%E5%AD%97
336,狗狗上廁所訓練,陳俊賢,43,367,2001-06-04,chinese,chinese,寵物訓練,https://www.youtube.com/watch?v=_6vn5Jh31aM&ab_channel=%E6%9D%8E%E5%96%9C%E7%8C%AB
337,人寵關係,程恭其,54,487,2001-03-02,chinese,chinese,人寵關係,https://www.youtube.com/watch?v=vbhlSn0jyX8&ab_channel=%E8%A8%B1%E4%BC%AF%26%E7%B0%A1%E8%8A%9D%E2%80%94%E5%80%89%E9%BC%A0%E4%BA%BA
338,狗狗上廁所訓練,邱秀玲,97,1188,2019-10-02,chinese,chinese,寵物訓練,https://www.youtube.com/watch?v=2Yqtm1lVMbk&ab_channel=%E8%A8%B1%E4%BC%AF%26%E7%B0%A1%E8%8A%9D%E2%80%94%E5%80%89%E9%BC%A0%E4%BA%BA
339,貓狗疫苗,林湘緯,44,658,2010-11-01,chinese,chinese,寵物照護,https://www.youtube.com/watch?v=zcRvXTjW1RU&ab_channel=%E5%A6%9E%E6%96%B0%E8%81%9E
340,狗狗上廁所訓練,吳原水,55,1608,2003-01-27,chinese,chinese,寵物訓練,https://www.youtube.com/watch?v=h_0XcWmepf4&ab_channel=%E8%90%8C%E5%AE%A0%E8%AE%B0%E4%BA%8Bcutedog
341,貓狗陪伴,林筱婷,98,368,2018-04-21,english,english,人寵關係,https://www.youtube.com/watch?v=WsBv8--PX3o&ab_channel=%E7%88%AA%E5%AD%90%E6%AE%BF%E4%B8%8B
342,聆聽寵物心聲,梁冠德,45,488,2015-05-21,english,english,寵物照護,https://www.youtube.com/watch?v=ur3NKd91i5I&ab_channel=%E3%80%90%E5%AF%B5%E4%BC%B4%E3%80%91Partners
343,聆聽寵物,謝宛君,56,1189,2021-06-09,chinese,chinese,寵物照護,https://www.youtube.com/watch?v=JXcDwFnMI9M&ab_channel=%E5%93%A9%E8%B3%80Genieyang
344,狗狗上廁所訓練,張淑奇,94,2007,2005-05-08,chinese,chinese,寵物訓練,https://www.youtube.com/watch?v=7zPHkjzprG4&ab_channel=%E6%88%91%E6%98%AF%E9%A6%99%E8%8F%87Mushroom
345,貓狗相處,林雅雯,41,1287,2013-12-27,chinese,chinese,人寵關係,https://www.youtube.com/watch?v=WK_-Pv4UWR4&ab_channel=%E6%8B%89%E5%A7%86%E6%9C%89%E5%B9%BE%E5%99%105
346,狗狗刷牙,黃芳儀,52,3567,2020-09-22,english,english,寵物照護,https://www.youtube.com/watch?v=DYijuygHYA4&ab_channel=RVT%E5%A4%A7%E7%AB%B9%E5%AD%98
347,狗狗刷牙,游乃政,95,1187,2018-02-22,english,english,寵物照護,https://www.youtube.com/watch?v=_6vn5Jh31aM&ab_channel=%E6%9D%8E%E5%96%9C%E7%8C%AB
348,狗狗上廁所訓練,謝伶盛,42,657,2004-05-29,chinese,chinese,寵物訓練,https://www.youtube.com/watch?v=vbhlSn0jyX8&ab_channel=%E8%A8%B1%E4%BC%AF%26%E7%B0%A1%E8%8A%9D%E2%80%94%E5%80%89%E9%BC%A0%E4%BA%BA
349,人寵關係,梁依珮,53,1607,2022-01-02,chinese,chinese,人寵關係,https://www.youtube.com/watch?v=2Yqtm1lVMbk&ab_channel=%E8%A8%B1%E4%BC%AF%26%E7%B0%A1%E8%8A%9D%E2%80%94%E5%80%89%E9%BC%A0%E4%BA%BA
350,聆聽寵物,李家宏,96,367,2004-01-28,chinese,chinese,寵物照護,https://www.youtube.com/watch?v=zcRvXTjW1RU&ab_channel=%E5%A6%9E%E6%96%B0%E8%81%9E
351,遛狗GOGO,林奕書,43,487,2014-02-27,english,english,寵物照護,https://www.youtube.com/watch?v=h_0XcWmepf4&ab_channel=%E8%90%8C%E5%AE%A0%E8%AE%B0%E4%BA%8Bcutedog
352,狗狗上廁所訓練,蘇璇岳,93,1188,2020-11-29,english,english,寵物訓練,https://www.youtube.com/watch?v=WsBv8--PX3o&ab_channel=%E7%88%AA%E5%AD%90%E6%AE%BF%E4%B8%8B
353,飼主導論,曹人一,40,658,2017-01-14,chinese,chinese,人寵關係,https://www.youtube.com/watch?v=ur3NKd91i5I&ab_channel=%E3%80%90%E5%AF%B5%E4%BC%B4%E3%80%91Partners
354,貓咪陪伴,周淑媛,51,1608,2005-06-19,chinese,chinese,寵物照護,https://www.youtube.com/watch?v=JXcDwFnMI9M&ab_channel=%E5%93%A9%E8%B3%80Genieyang
355,貓咪陪伴,李淑卿,94,368,2001-03-25,chinese,chinese,寵物照護,https://www.youtube.com/watch?v=7zPHkjzprG4&ab_channel=%E6%88%91%E6%98%AF%E9%A6%99%E8%8F%87Mushroom
356,狗飼主陪伴學,郭雯婷,41,488,2018-05-24,chinese,chinese,寵物訓練,https://www.youtube.com/watch?v=WK_-Pv4UWR4&ab_channel=%E6%8B%89%E5%A7%86%E6%9C%89%E5%B9%BE%E5%99%106
357,飼主導論,張怡靜,52,1189,2015-05-11,chinese,chinese,人寵關係,https://www.youtube.com/watch?v=DYijuygHYA4&ab_channel=RVT%E5%A4%A7%E7%AB%B9%E5%AD%99
358,狗狗刷牙,王育菁,95,659,2008-01-16,english,english,寵物照護,https://www.youtube.com/watch?v=_6vn5Jh31aM&ab_channel=%E6%9D%8E%E5%96%9C%E7%8C%AB
359,狗狗刷牙,張瑜甫,42,1609,2011-09-25,english,english,寵物照護,https://www.youtube.com/watch?v=vbhlSn0jyX8&ab_channel=%E8%A8%B1%E4%BC%AF%26%E7%B0%A1%E8%8A%9D%E2%80%94%E5%80%89%E9%BC%A0%E4%BA%BA
360,狗狗上廁所訓練,林禹火,53,369,2011-11-12,chinese,chinese,寵物訓練,https://www.youtube.com/watch?v=2Yqtm1lVMbk&ab_channel=%E8%A8%B1%E4%BC%AF%26%E7%B0%A1%E8%8A%9D%E2%80%94%E5%80%89%E9%BC%A0%E4%BA%BA
361,人寵關係,陳淑惠,96,489,2003-12-26,chinese,chinese,人寵關係,https://www.youtube.com/watch?v=zcRvXTjW1RU&ab_channel=%E5%A6%9E%E6%96%B0%E8%81%9E
362,貓耳照顧,蔡宜霞,43,1190,2002-02-18,chinese,chinese,寵物照護,https://www.youtube.com/watch?v=h_0XcWmepf4&ab_channel=%E8%90%8C%E5%AE%A0%E8%AE%B0%E4%BA%8Bcutedog
363,貓耳照顧,張惠君,54,2008,2021-09-14,english,english,寵物照護,https://www.youtube.com/watch?v=WsBv8--PX3o&ab_channel=%E7%88%AA%E5%AD%90%E6%AE%BF%E4%B8%8B
364,狗狗上廁所訓練,劉瑋婷,97,1288,2019-10-19,english,english,寵物訓練,https://www.youtube.com/watch?v=ur3NKd91i5I&ab_channel=%E3%80%90%E5%AF%B5%E4%BC%B4%E3%80%91Partners
365,貓咪陪伴,陳亭宏,44,3568,2009-08-03,chinese,chinese,人寵關係,https://www.youtube.com/watch?v=JXcDwFnMI9M&ab_channel=%E5%93%A9%E8%B3%80Genieyang
366,狗狗刷牙,陳柏青,55,1188,2012-04-06,chinese,chinese,寵物照護,https://www.youtube.com/watch?v=7zPHkjzprG4&ab_channel=%E6%88%91%E6%98%AF%E9%A6%99%E8%8F%87Mushroom
367,狗狗上廁所訓練,蔡喜名,80,2006,2020-12-20,chinese,chinese,寵物訓練,https://www.youtube.com/watch?v=zcRvXTjW1RU&ab_channel=%E5%A6%9E%E6%96%B0%E8%81%9E
368,貓貓餵食,陳焦糖,73,1286,2000-08-19,chinese,chinese,寵物照護,https://www.youtube.com/watch?v=h_0XcWmepf4&ab_channel=%E8%90%8C%E5%AE%A0%E8%AE%B0%E4%BA%8Bcutedog
369,貓砂清理,羅辛何,93,3566,2018-03-06,chinese,chinese,寵物訓練,https://www.youtube.com/watch?v=WsBv8--PX3o&ab_channel=%E7%88%AA%E5%AD%90%E6%AE%BF%E4%B8%8B
370,遛狗GOGO,楊小慧,40,1186,2019-12-30,chinese,chinese,人寵關係,https://www.youtube.com/watch?v=ur3NKd91i5I&ab_channel=%E3%80%90%E5%AF%B5%E4%BC%B4%E3%80%91Partners
371,人寵關係,陳曉東,51,656,2019-12-13,chinese,chinese,人寵關係,https://www.youtube.com/watch?v=JXcDwFnMI9M&ab_channel=%E5%93%A9%E8%B3%80Genieyang
372,貓耳照顧,汪東河,94,1606,2014-07-10,chinese,chinese,寵物照護,https://www.youtube.com/watch?v=7zPHkjzprG4&ab_channel=%E6%88%91%E6%98%AF%E9%A6%99%E8%8F%87Mushroom
373,導盲犬導論,陳家豪,41,366,2018-05-28,chinese,chinese,寵物訓練,https://www.youtube.com/watch?v=WK_-Pv4UWR4&ab_channel=%E6%8B%89%E5%A7%86%E6%9C%89%E5%B9%BE%E5%99%103
374,寵物安心感,林志成,52,486,2007-10-15,chinese,chinese,人寵關係,https://www.youtube.com/watch?v=DYijuygHYA4&ab_channel=RVT%E5%A4%A7%E7%AB%B9%E5%AD%96
375,獸醫導論,林宜靜,95,1187,2015-06-02,chinese,chinese,寵物照護,https://www.youtube.com/watch?v=_6vn5Jh31aM&ab_channel=%E6%9D%8E%E5%96%9C%E7%8C%AB
376,飼主導論,劉育華,42,657,2016-03-18,chinese,chinese,寵物訓練,https://www.youtube.com/watch?v=vbhlSn0jyX8&ab_channel=%E8%A8%B1%E4%BC%AF%26%E7%B0%A1%E8%8A%9D%E2%80%94%E5%80%89%E9%BC%A0%E4%BA%BA
377,聆聽寵物心聲,陳雅婷,53,1607,2010-08-16,chinese,chinese,人寵關係,https://www.youtube.com/watch?v=2Yqtm1lVMbk&ab_channel=%E8%A8%B1%E4%BC%AF%26%E7%B0%A1%E8%8A%9D%E2%80%94%E5%80%89%E9%BC%A0%E4%BA%BA
378,狗狗刷牙,陳秋星,96,367,2008-05-29,english,english,寵物照護,https://www.youtube.com/watch?v=zcRvXTjW1RU&ab_channel=%E5%A6%9E%E6%96%B0%E8%81%9E
379,遛狗GOGO,李俊妮,43,487,2005-10-08,english,english,寵物訓練,https://www.youtube.com/watch?v=h_0XcWmepf4&ab_channel=%E8%90%8C%E5%AE%A0%E8%AE%B0%E4%BA%8Bcutedog
380,人寵關係,蔡宛州,54,1188,2014-07-13,chinese,chinese,人寵關係,https://www.youtube.com/watch?v=WsBv8--PX3o&ab_channel=%E7%88%AA%E5%AD%90%E6%AE%BF%E4%B8%8B
381,狗狗刷牙,周怡芃,97,658,2012-05-31,chinese,chinese,寵物照護,https://www.youtube.com/watch?v=ur3NKd91i5I&ab_channel=%E3%80%90%E5%AF%B5%E4%BC%B4%E3%80%91Partners
382,導盲犬導論,鄧郁婷,44,1608,2005-08-12,chinese,chinese,寵物訓練,https://www.youtube.com/watch?v=JXcDwFnMI9M&ab_channel=%E5%93%A9%E8%B3%80Genieyang
383,人寵關係,蘇家祥,55,368,2021-09-11,english,english,人寵關係,https://www.youtube.com/watch?v=7zPHkjzprG4&ab_channel=%E6%88%91%E6%98%AF%E9%A6%99%E8%8F%87Mushroom
384,獸醫導論,吳柏伯,98,488,2014-09-10,english,english,寵物照護,https://www.youtube.com/watch?v=WK_-Pv4UWR4&ab_channel=%E6%8B%89%E5%A7%86%E6%9C%89%E5%B9%BE%E5%99%104
385,狗狗上廁所訓練,張家瑋,45,1189,2010-12-19,chinese,chinese,寵物訓練,https://www.youtube.com/watch?v=DYijuygHYA4&ab_channel=RVT%E5%A4%A7%E7%AB%B9%E5%AD%97
386,人寵關係,楊俊偉,56,2007,2001-03-12,chinese,chinese,人寵關係,https://www.youtube.com/watch?v=_6vn5Jh31aM&ab_channel=%E6%9D%8E%E5%96%9C%E7%8C%AB
387,狗狗接飛盤,李育修,94,1287,2000-02-11,chinese,chinese,寵物訓練,https://www.youtube.com/watch?v=vbhlSn0jyX8&ab_channel=%E8%A8%B1%E4%BC%AF%26%E7%B0%A1%E8%8A%9D%E2%80%94%E5%80%89%E9%BC%A0%E4%BA%BA
388,貓狗相處,梁佩儒,41,3567,2010-03-07,chinese,chinese,人寵關係,https://www.youtube.com/watch?v=2Yqtm1lVMbk&ab_channel=%E8%A8%B1%E4%BC%AF%26%E7%B0%A1%E8%8A%9D%E2%80%94%E5%80%89%E9%BC%A0%E4%BA%BA
389,狗狗上廁所訓練,侯隆杰,52,1187,2005-08-07,chinese,chinese,寵物訓練,https://www.youtube.com/watch?v=zcRvXTjW1RU&ab_channel=%E5%A6%9E%E6%96%B0%E8%81%9E
390,聆聽寵物心聲,劉玟光,95,657,2017-05-09,english,english,人寵關係,https://www.youtube.com/watch?v=h_0XcWmepf4&ab_channel=%E8%90%8C%E5%AE%A0%E8%AE%B0%E4%BA%8Bcutedog
391,狗狗接飛盤,張春泰,42,1607,2018-05-08,english,english,寵物訓練,https://www.youtube.com/watch?v=WsBv8--PX3o&ab_channel=%E7%88%AA%E5%AD%90%E6%AE%BF%E4%B8%8B
392,人寵關係,張建宏,53,367,2011-11-10,chinese,chinese,人寵關係,https://www.youtube.com/watch?v=ur3NKd91i5I&ab_channel=%E3%80%90%E5%AF%B5%E4%BC%B4%E3%80%91Partners
393,狗狗接飛盤,林佳定,96,487,2003-04-28,chinese,chinese,寵物訓練,https://www.youtube.com/watch?v=JXcDwFnMI9M&ab_channel=%E5%93%A9%E8%B3%80Genieyang
394,寵物導論,張惠仁,43,1188,2014-11-21,chinese,chinese,人寵關係,https://www.youtube.com/watch?v=7zPHkjzprG4&ab_channel=%E6%88%91%E6%98%AF%E9%A6%99%E8%8F%87Mushroom
395,貓狗馬戲團導論,蔡欣樺,54,658,2016-07-26,english,english,寵物訓練,https://www.youtube.com/watch?v=WK_-Pv4UWR4&ab_channel=%E6%8B%89%E5%A7%86%E6%9C%89%E5%B9%BE%E5%99%105
396,人寵關係,楊哲榮,97,1608,2000-01-11,english,english,人寵關係,https://www.youtube.com/watch?v=DYijuygHYA4&ab_channel=RVT%E5%A4%A7%E7%AB%B9%E5%AD%98
397,狗狗上廁所訓練,陳俊賢,44,368,2001-06-05,chinese,chinese,寵物訓練,https://www.youtube.com/watch?v=_6vn5Jh31aM&ab_channel=%E6%9D%8E%E5%96%9C%E7%8C%AB
398,人寵關係,程恭其,55,488,2001-03-03,chinese,chinese,人寵關係,https://www.youtube.com/watch?v=vbhlSn0jyX8&ab_channel=%E8%A8%B1%E4%BC%AF%26%E7%B0%A1%E8%8A%9D%E2%80%94%E5%80%89%E9%BC%A0%E4%BA%BA
399,狗狗上廁所訓練,邱秀玲,98,1189,2019-10-03,chinese,chinese,寵物訓練,https://www.youtube.com/watch?v=2Yqtm1lVMbk&ab_channel=%E8%A8%B1%E4%BC%AF%26%E7%B0%A1%E8%8A%9D%E2%80%94%E5%80%89%E9%BC%A0%E4%BA%BA
400,貓狗疫苗,林湘緯,45,659,2010-11-02,chinese,chinese,寵物照護,https://www.youtube.com/watch?v=zcRvXTjW1RU&ab_channel=%E5%A6%9E%E6%96%B0%E8%81%9E
401,狗狗上廁所訓練,吳原水,56,1609,2003-01-28,chinese,chinese,寵物訓練,https://www.youtube.com/watch?v=h_0XcWmepf4&ab_channel=%E8%90%8C%E5%AE%A0%E8%AE%B0%E4%BA%8Bcutedog
402,貓狗陪伴,林筱婷,99,369,2018-04-22,english,english,人寵關係,https://www.youtube.com/watch?v=WsBv8--PX3o&ab_channel=%E7%88%AA%E5%AD%90%E6%AE%BF%E4%B8%8B
403,聆聽寵物心聲,梁冠德,46,489,2015-05-22,english,english,寵物照護,https://www.youtube.com/watch?v=ur3NKd91i5I&ab_channel=%E3%80%90%E5%AF%B5%E4%BC%B4%E3%80%91Partners
404,聆聽寵物,謝宛君,57,1190,2021-06-10,chinese,chinese,寵物照護,https://www.youtube.com/watch?v=JXcDwFnMI9M&ab_channel=%E5%93%A9%E8%B3%80Genieyang
405,狗狗上廁所訓練,張淑奇,95,2008,2005-05-09,chinese,chinese,寵物訓練,https://www.youtube.com/watch?v=7zPHkjzprG4&ab_channel=%E6%88%91%E6%98%AF%E9%A6%99%E8%8F%87Mushroom
406,貓狗相處,林雅雯,42,1288,2013-12-28,chinese,chinese,人寵關係,https://www.youtube.com/watch?v=WK_-Pv4UWR4&ab_channel=%E6%8B%89%E5%A7%86%E6%9C%89%E5%B9%BE%E5%99%106
407,狗狗刷牙,黃芳儀,53,3568,2020-09-23,english,english,寵物照護,https://www.youtube.com/watch?v=DYijuygHYA4&ab_channel=RVT%E5%A4%A7%E7%AB%B9%E5%AD%99
408,狗狗刷牙,游乃政,96,1188,2018-02-23,english,english,寵物照護,https://www.youtube.com/watch?v=_6vn5Jh31aM&ab_channel=%E6%9D%8E%E5%96%9C%E7%8C%AB
409,狗狗上廁所訓練,謝伶盛,43,658,2004-05-30,chinese,chinese,寵物訓練,https://www.youtube.com/watch?v=vbhlSn0jyX8&ab_channel=%E8%A8%B1%E4%BC%AF%26%E7%B0%A1%E8%8A%9D%E2%80%94%E5%80%89%E9%BC%A0%E4%BA%BA
410,人寵關係,梁依珮,54,1608,2022-01-03,chinese,chinese,人寵關係,https://www.youtube.com/watch?v=2Yqtm1lVMbk&ab_channel=%E8%A8%B1%E4%BC%AF%26%E7%B0%A1%E8%8A%9D%E2%80%94%E5%80%89%E9%BC%A0%E4%BA%BA
411,聆聽寵物,李家宏,97,368,2004-01-29,chinese,chinese,寵物照護,https://www.youtube.com/watch?v=zcRvXTjW1RU&ab_channel=%E5%A6%9E%E6%96%B0%E8%81%9E
412,遛狗GOGO,林奕書,44,488,2014-02-28,english,english,寵物照護,https://www.youtube.com/watch?v=h_0XcWmepf4&ab_channel=%E8%90%8C%E5%AE%A0%E8%AE%B0%E4%BA%8Bcutedog
413,狗狗上廁所訓練,蘇璇岳,94,1189,2020-11-30,english,english,寵物訓練,https://www.youtube.com/watch?v=WsBv8--PX3o&ab_channel=%E7%88%AA%E5%AD%90%E6%AE%BF%E4%B8%8B
414,飼主導論,曹人一,41,659,2017-01-15,chinese,chinese,人寵關係,https://www.youtube.com/watch?v=ur3NKd91i5I&ab_channel=%E3%80%90%E5%AF%B5%E4%BC%B4%E3%80%91Partners
415,貓咪陪伴,周淑媛,52,1609,2005-06-20,chinese,chinese,寵物照護,https://www.youtube.com/watch?v=JXcDwFnMI9M&ab_channel=%E5%93%A9%E8%B3%80Genieyang
416,貓咪陪伴,李淑卿,95,369,2001-03-26,chinese,chinese,寵物照護,https://www.youtube.com/watch?v=7zPHkjzprG4&ab_channel=%E6%88%91%E6%98%AF%E9%A6%99%E8%8F%87Mushroom
417,狗飼主陪伴學,郭雯婷,42,489,2018-05-25,chinese,chinese,寵物訓練,https://www.youtube.com/watch?v=WK_-Pv4UWR4&ab_channel=%E6%8B%89%E5%A7%86%E6%9C%89%E5%B9%BE%E5%99%107
418,飼主導論,張怡靜,53,1190,2015-05-12,chinese,chinese,人寵關係,https://www.youtube.com/watch?v=DYijuygHYA4&ab_channel=RVT%E5%A4%A7%E7%AB%B9%E5%AD%100
419,狗狗刷牙,王育菁,96,660,2008-01-17,english,english,寵物照護,https://www.youtube.com/watch?v=_6vn5Jh31aM&ab_channel=%E6%9D%8E%E5%96%9C%E7%8C%AB
420,狗狗刷牙,張瑜甫,43,1610,2011-09-26,english,english,寵物照護,https://www.youtube.com/watch?v=vbhlSn0jyX8&ab_channel=%E8%A8%B1%E4%BC%AF%26%E7%B0%A1%E8%8A%9D%E2%80%94%E5%80%89%E9%BC%A0%E4%BA%BA
421,狗狗上廁所訓練,林禹火,54,370,2011-11-13,chinese,chinese,寵物訓練,https://www.youtube.com/watch?v=2Yqtm1lVMbk&ab_channel=%E8%A8%B1%E4%BC%AF%26%E7%B0%A1%E8%8A%9D%E2%80%94%E5%80%89%E9%BC%A0%E4%BA%BA
422,人寵關係,陳淑惠,97,490,2003-12-27,chinese,chinese,人寵關係,https://www.youtube.com/watch?v=zcRvXTjW1RU&ab_channel=%E5%A6%9E%E6%96%B0%E8%81%9E
423,貓耳照顧,蔡宜霞,44,1191,2002-02-19,chinese,chinese,寵物照護,https://www.youtube.com/watch?v=h_0XcWmepf4&ab_channel=%E8%90%8C%E5%AE%A0%E8%AE%B0%E4%BA%8Bcutedog
424,貓耳照顧,張惠君,55,2009,2021-09-15,english,english,寵物照護,https://www.youtube.com/watch?v=WsBv8--PX3o&ab_channel=%E7%88%AA%E5%AD%90%E6%AE%BF%E4%B8%8B
425,狗狗上廁所訓練,劉瑋婷,98,1289,2019-10-20,english,english,寵物訓練,https://www.youtube.com/watch?v=ur3NKd91i5I&ab_channel=%E3%80%90%E5%AF%B5%E4%BC%B4%E3%80%91Partners
426,貓咪陪伴,陳亭宏,45,3569,2009-08-04,chinese,chinese,人寵關係,https://www.youtube.com/watch?v=JXcDwFnMI9M&ab_channel=%E5%93%A9%E8%B3%80Genieyang
427,狗狗刷牙,陳柏青,56,1189,2012-04-07,chinese,chinese,寵物照護,https://www.youtube.com/watch?v=7zPHkjzprG4&ab_channel=%E6%88%91%E6%98%AF%E9%A6%99%E8%8F%87Mushroom
428,狗狗上廁所訓練,蔡喜名,81,2007,2020-12-21,chinese,chinese,寵物訓練,https://www.youtube.com/watch?v=zcRvXTjW1RU&ab_channel=%E5%A6%9E%E6%96%B0%E8%81%9E
429,貓貓餵食,陳焦糖,74,1287,2000-08-20,chinese,chinese,寵物照護,https://www.youtube.com/watch?v=h_0XcWmepf4&ab_channel=%E8%90%8C%E5%AE%A0%E8%AE%B0%E4%BA%8Bcutedog
430,貓砂清理,羅辛何,94,3567,2018-03-07,chinese,chinese,寵物訓練,https://www.youtube.com/watch?v=WsBv8--PX3o&ab_channel=%E7%88%AA%E5%AD%90%E6%AE%BF%E4%B8%8B
431,遛狗GOGO,楊小慧,41,1187,2019-12-31,chinese,chinese,人寵關係,https://www.youtube.com/watch?v=ur3NKd91i5I&ab_channel=%E3%80%90%E5%AF%B5%E4%BC%B4%E3%80%91Partners
